player_id,fixture_order,gw_id,opponent,is_home,difficulty
1,1,202606,BOU,True,3
1,2,202607,eve,False,3
1,3,202608,TOT,True,3
1,4,202609,MUN,True,4
1,5,202610,sun,False,3
4,1,202606,avl,False,4
4,2,202607,LIV,True,4
4,3,202608,hul,False,2
4,4,202609,NFO,True,3
4,5,202610,bha,False,3
11,1,202605,SUN,True,2
11,2,202606,liv,False,4
11,3,202607,IPS,True,2
11,4,202608,avl,False,4
11,5,202609,BHA,True,2
12,1,202606,FUL,True,2
12,2,202607,mci,False,5
12,3,202608,NFO,True,3
12,4,202609,hul,False,2
12,5,202610,BOU,True,3
15,1,202606,EVE,True,3
15,2,202607,ful,False,3
15,3,202608,BRE,True,3
15,4,202609,IPS,True,2
15,5,202610,ars,False,5
22,1,202605,LIV,True,4
22,2,202606,che,False,4
22,3,202607,SUN,True,2
22,4,202608,mun,False,4
22,5,202609,LEE,True,2
24,1,202605,lee,False,3
24,2,202606,NFO,True,3
24,3,202607,bha,False,3
24,4,202608,NEW,True,2
24,5,202609,tot,False,3
39,1,202606,hul,False,2
39,2,202607,CHE,True,4
39,3,202608,ars,False,5
39,4,202609,new,False,3
39,5,202610,COV,True,2
44,1,202606,BRE,True,3
44,2,202607,new,False,3
44,3,202608,MCI,True,4
44,4,202609,FUL,True,2
44,5,202610,mun,False,4
47,1,202605,MUN,True,4
47,2,202606,ips,False,2
47,3,202607,HUL,True,2
47,4,202608,cov,False,2
47,5,202609,avl,False,4
53,1,202606,cov,False,2
53,2,202607,AVL,True,3
53,3,202608,cry,False,3
53,4,202609,EVE,True,3
53,5,202610,ful,False,3
55,1,202606,FUL,True,2
55,2,202607,mci,False,5
55,3,202608,NFO,True,3
55,4,202609,hul,False,2
55,5,202610,BOU,True,3
58,1,202605,LIV,True,4
58,2,202606,che,False,4
58,3,202607,SUN,True,2
58,4,202608,mun,False,4
58,5,202609,LEE,True,2
61,1,202605,bou,False,3
61,2,202606,MCI,True,4
61,3,202607,bre,False,3
61,4,202608,BHA,True,2
61,5,202609,ARS,True,4
65,1,202605,bou,False,3
65,2,202606,MCI,True,4
65,3,202607,bre,False,3
65,4,202608,BHA,True,2
65,5,202609,ARS,True,4
73,1,202606,FUL,True,2
73,2,202607,mci,False,5
73,3,202608,NFO,True,3
73,4,202609,hul,False,2
73,5,202610,BOU,True,3
75,1,202605,bou,False,3
75,2,202606,MCI,True,4
75,3,202607,bre,False,3
75,4,202608,BHA,True,2
75,5,202609,ARS,True,4
82,1,202605,ful,False,3
82,2,202606,TOT,True,3
82,3,202607,lee,False,3
82,4,202608,BOU,True,3
82,5,202609,che,False,4
84,1,202606,BRE,True,3
84,2,202607,new,False,3
84,3,202608,MCI,True,4
84,4,202609,FUL,True,2
84,5,202610,mun,False,4
87,1,202606,sun,False,3
87,2,202607,CRY,True,3
87,3,202608,liv,False,4
87,4,202609,mci,False,5
87,5,202610,BRE,True,3
98,1,202606,mun,False,4
98,2,202607,COV,True,2
98,3,202608,che,False,4
98,4,202609,CRY,True,3
98,5,202610,lee,False,3
99,1,202605,ful,False,3
99,2,202606,TOT,True,3
99,3,202607,lee,False,3
99,4,202608,BOU,True,3
99,5,202609,che,False,4
107,1,202606,BRE,True,3
107,2,202607,new,False,3
107,3,202608,MCI,True,4
107,4,202609,FUL,True,2
107,5,202610,mun,False,4
117,1,202606,cov,False,2
117,2,202607,AVL,True,3
117,3,202608,cry,False,3
117,4,202609,EVE,True,3
117,5,202610,ful,False,3
122,1,202605,SUN,True,2
122,2,202606,liv,False,4
122,3,202607,IPS,True,2
122,4,202608,avl,False,4
122,5,202609,BHA,True,2
123,1,202605,MUN,True,4
123,2,202606,ips,False,2
123,3,202607,HUL,True,2
123,4,202608,cov,False,2
123,5,202609,avl,False,4
126,1,202606,mun,False,4
126,2,202607,COV,True,2
126,3,202608,che,False,4
126,4,202609,CRY,True,3
126,5,202610,lee,False,3
129,1,202606,mun,False,4
129,2,202607,COV,True,2
129,3,202608,che,False,4
129,4,202609,CRY,True,3
129,5,202610,lee,False,3
138,1,202605,mci,False,5
138,2,202606,BHA,True,2
138,3,202607,bou,False,3
138,4,202608,LEE,True,2
138,5,202609,cov,False,2
143,1,202606,mun,False,4
143,2,202607,COV,True,2
143,3,202608,che,False,4
143,4,202609,CRY,True,3
143,5,202610,lee,False,3
149,1,202605,lee,False,3
149,2,202606,NFO,True,3
149,3,202607,bha,False,3
149,4,202608,NEW,True,2
149,5,202609,tot,False,3
152,1,202605,ful,False,3
152,2,202606,TOT,True,3
152,3,202607,lee,False,3
152,4,202608,BOU,True,3
152,5,202609,che,False,4
160,1,202606,sun,False,3
160,2,202607,CRY,True,3
160,3,202608,liv,False,4
160,4,202609,mci,False,5
160,5,202610,BRE,True,3
165,1,202605,lee,False,3
165,2,202606,NFO,True,3
165,3,202607,bha,False,3
165,4,202608,NEW,True,2
165,5,202609,tot,False,3
166,1,202606,mun,False,4
166,2,202607,COV,True,2
166,3,202608,che,False,4
166,4,202609,CRY,True,3
166,5,202610,lee,False,3
173,1,202606,FUL,True,2
173,2,202607,mci,False,5
173,3,202608,NFO,True,3
173,4,202609,hul,False,2
173,5,202610,BOU,True,3
189,1,202606,avl,False,4
189,2,202607,LIV,True,4
189,3,202608,hul,False,2
189,4,202609,NFO,True,3
189,5,202610,bha,False,3
191,1,202606,LEE,True,2
191,2,202607,nfo,False,3
191,3,202608,EVE,True,3
191,4,202609,liv,False,4
191,5,202610,HUL,True,2
192,1,202606,BOU,True,3
192,2,202607,eve,False,3
192,3,202608,TOT,True,3
192,4,202609,MUN,True,4
192,5,202610,sun,False,3
196,1,202605,MUN,True,4
196,2,202606,ips,False,2
196,3,202607,HUL,True,2
196,4,202608,cov,False,2
196,5,202609,avl,False,4
208,1,202606,NEW,True,2
208,2,202607,tot,False,3
208,3,202608,FUL,True,2
208,4,202609,SUN,True,2
208,5,202610,eve,False,3
209,1,202606,BRE,True,3
209,2,202607,new,False,3
209,3,202608,MCI,True,4
209,4,202609,FUL,True,2
209,5,202610,mun,False,4
216,1,202606,mun,False,4
216,2,202607,COV,True,2
216,3,202608,che,False,4
216,4,202609,CRY,True,3
216,5,202610,lee,False,3
221,1,202605,CRY,True,3
221,2,202606,ars,False,5
221,3,202607,MUN,True,4
221,4,202608,sun,False,3
221,5,202609,bou,False,3
222,1,202606,hul,False,2
222,2,202607,CHE,True,4
222,3,202608,ars,False,5
222,4,202609,new,False,3
222,5,202610,COV,True,2
225,1,202605,ful,False,3
225,2,202606,TOT,True,3
225,3,202607,lee,False,3
225,4,202608,BOU,True,3
225,5,202609,che,False,4
227,1,202606,LEE,True,2
227,2,202607,nfo,False,3
227,3,202608,EVE,True,3
227,4,202609,liv,False,4
227,5,202610,HUL,True,2
229,1,202605,ful,False,3
229,2,202606,TOT,True,3
229,3,202607,lee,False,3
229,4,202608,BOU,True,3
229,5,202609,che,False,4
230,1,202606,LEE,True,2
230,2,202607,nfo,False,3
230,3,202608,EVE,True,3
230,4,202609,liv,False,4
230,5,202610,HUL,True,2
240,1,202606,cry,False,3
240,2,202607,ARS,True,4
240,3,202608,ips,False,2
240,4,202609,bre,False,3
240,5,202610,MCI,True,4
242,1,202606,mun,False,4
242,2,202607,COV,True,2
242,3,202608,che,False,4
242,4,202609,CRY,True,3
242,5,202610,lee,False,3
245,1,202606,avl,False,4
245,2,202607,LIV,True,4
245,3,202608,hul,False,2
245,4,202609,NFO,True,3
245,5,202610,bha,False,3
247,1,202605,MUN,True,4
247,2,202606,ips,False,2
247,3,202607,HUL,True,2
247,4,202608,cov,False,2
247,5,202609,avl,False,4
248,1,202605,bou,False,3
248,2,202606,MCI,True,4
248,3,202607,bre,False,3
248,4,202608,BHA,True,2
248,5,202609,ARS,True,4
252,1,202606,FUL,True,2
252,2,202607,mci,False,5
252,3,202608,NFO,True,3
252,4,202609,hul,False,2
252,5,202610,BOU,True,3
255,1,202606,avl,False,4
255,2,202607,LIV,True,4
255,3,202608,hul,False,2
255,4,202609,NFO,True,3
255,5,202610,bha,False,3
256,1,202606,NEW,True,2
256,2,202607,tot,False,3
256,3,202608,FUL,True,2
256,4,202609,SUN,True,2
256,5,202610,eve,False,3
257,1,202606,hul,False,2
257,2,202607,CHE,True,4
257,3,202608,ars,False,5
257,4,202609,new,False,3
257,5,202610,COV,True,2
258,1,202605,ful,False,3
258,2,202606,TOT,True,3
258,3,202607,lee,False,3
258,4,202608,BOU,True,3
258,5,202609,che,False,4
273,1,202605,lee,False,3
273,2,202606,NFO,True,3
273,3,202607,bha,False,3
273,4,202608,NEW,True,2
273,5,202609,tot,False,3
285,1,202605,lee,False,3
285,2,202606,NFO,True,3
285,3,202607,bha,False,3
285,4,202608,NEW,True,2
285,5,202609,tot,False,3
289,1,202605,ful,False,3
289,2,202606,TOT,True,3
289,3,202607,lee,False,3
289,4,202608,BOU,True,3
289,5,202609,che,False,4
290,1,202606,FUL,True,2
290,2,202607,mci,False,5
290,3,202608,NFO,True,3
290,4,202609,hul,False,2
290,5,202610,BOU,True,3
293,1,202605,lee,False,3
293,2,202606,NFO,True,3
293,3,202607,bha,False,3
293,4,202608,NEW,True,2
293,5,202609,tot,False,3
295,1,202606,cry,False,3
295,2,202607,ARS,True,4
295,3,202608,ips,False,2
295,4,202609,bre,False,3
295,5,202610,MCI,True,4
303,1,202606,hul,False,2
303,2,202607,CHE,True,4
303,3,202608,ars,False,5
303,4,202609,new,False,3
303,5,202610,COV,True,2
306,1,202606,FUL,True,2
306,2,202607,mci,False,5
306,3,202608,NFO,True,3
306,4,202609,hul,False,2
306,5,202610,BOU,True,3
309,1,202606,LEE,True,2
309,2,202607,nfo,False,3
309,3,202608,EVE,True,3
309,4,202609,liv,False,4
309,5,202610,HUL,True,2
313,1,202605,SUN,True,2
313,2,202606,liv,False,4
313,3,202607,IPS,True,2
313,4,202608,avl,False,4
313,5,202609,BHA,True,2
317,1,202606,EVE,True,3
317,2,202607,ful,False,3
317,3,202608,BRE,True,3
317,4,202609,IPS,True,2
317,5,202610,ars,False,5
318,1,202605,bou,False,3
318,2,202606,MCI,True,4
318,3,202607,bre,False,3
318,4,202608,BHA,True,2
318,5,202609,ARS,True,4
319,1,202606,BOU,True,3
319,2,202607,eve,False,3
319,3,202608,TOT,True,3
319,4,202609,MUN,True,4
319,5,202610,sun,False,3
323,1,202605,bou,False,3
323,2,202606,MCI,True,4
323,3,202607,bre,False,3
323,4,202608,BHA,True,2
323,5,202609,ARS,True,4
327,1,202606,mun,False,4
327,2,202607,COV,True,2
327,3,202608,che,False,4
327,4,202609,CRY,True,3
327,5,202610,lee,False,3
334,1,202606,mun,False,4
334,2,202607,COV,True,2
334,3,202608,che,False,4
334,4,202609,CRY,True,3
334,5,202610,lee,False,3
337,1,202605,bou,False,3
337,2,202606,MCI,True,4
337,3,202607,bre,False,3
337,4,202608,BHA,True,2
337,5,202609,ARS,True,4
341,1,202605,lee,False,3
341,2,202606,NFO,True,3
341,3,202607,bha,False,3
341,4,202608,NEW,True,2
341,5,202609,tot,False,3
346,1,202606,cov,False,2
346,2,202607,AVL,True,3
346,3,202608,cry,False,3
346,4,202609,EVE,True,3
346,5,202610,ful,False,3
349,1,202606,mun,False,4
349,2,202607,COV,True,2
349,3,202608,che,False,4
349,4,202609,CRY,True,3
349,5,202610,lee,False,3
350,1,202606,avl,False,4
350,2,202607,LIV,True,4
350,3,202608,hul,False,2
350,4,202609,NFO,True,3
350,5,202610,bha,False,3
360,1,202605,CRY,True,3
360,2,202606,ars,False,5
360,3,202607,MUN,True,4
360,4,202608,sun,False,3
360,5,202609,bou,False,3
361,1,202605,LIV,True,4
361,2,202606,che,False,4
361,3,202607,SUN,True,2
361,4,202608,mun,False,4
361,5,202609,LEE,True,2
363,1,202606,cry,False,3
363,2,202607,ARS,True,4
363,3,202608,ips,False,2
363,4,202609,bre,False,3
363,5,202610,MCI,True,4
369,1,202606,BOU,True,3
369,2,202607,eve,False,3
369,3,202608,TOT,True,3
369,4,202609,MUN,True,4
369,5,202610,sun,False,3
372,1,202606,FUL,True,2
372,2,202607,mci,False,5
372,3,202608,NFO,True,3
372,4,202609,hul,False,2
372,5,202610,BOU,True,3
374,1,202606,EVE,True,3
374,2,202607,ful,False,3
374,3,202608,BRE,True,3
374,4,202609,IPS,True,2
374,5,202610,ars,False,5
375,1,202606,FUL,True,2
375,2,202607,mci,False,5
375,3,202608,NFO,True,3
375,4,202609,hul,False,2
375,5,202610,BOU,True,3
378,1,202605,LIV,True,4
378,2,202606,che,False,4
378,3,202607,SUN,True,2
378,4,202608,mun,False,4
378,5,202609,LEE,True,2
379,1,202606,FUL,True,2
379,2,202607,mci,False,5
379,3,202608,NFO,True,3
379,4,202609,hul,False,2
379,5,202610,BOU,True,3
385,1,202606,LEE,True,2
385,2,202607,nfo,False,3
385,3,202608,EVE,True,3
385,4,202609,liv,False,4
385,5,202610,HUL,True,2
389,1,202605,lee,False,3
389,2,202606,NFO,True,3
389,3,202607,bha,False,3
389,4,202608,NEW,True,2
389,5,202609,tot,False,3
391,1,202606,LEE,True,2
391,2,202607,nfo,False,3
391,3,202608,EVE,True,3
391,4,202609,liv,False,4
391,5,202610,HUL,True,2
393,1,202606,mun,False,4
393,2,202607,COV,True,2
393,3,202608,che,False,4
393,4,202609,CRY,True,3
393,5,202610,lee,False,3
402,1,202606,mun,False,4
402,2,202607,COV,True,2
402,3,202608,che,False,4
402,4,202609,CRY,True,3
402,5,202610,lee,False,3
408,1,202606,sun,False,3
408,2,202607,CRY,True,3
408,3,202608,liv,False,4
408,4,202609,mci,False,5
408,5,202610,BRE,True,3
413,1,202605,ful,False,3
413,2,202606,TOT,True,3
413,3,202607,lee,False,3
413,4,202608,BOU,True,3
413,5,202609,che,False,4
421,1,202606,mun,False,4
421,2,202607,COV,True,2
421,3,202608,che,False,4
421,4,202609,CRY,True,3
421,5,202610,lee,False,3
425,1,202605,CRY,True,3
425,2,202606,ars,False,5
425,3,202607,MUN,True,4
425,4,202608,sun,False,3
425,5,202609,bou,False,3
430,1,202605,bou,False,3
430,2,202606,MCI,True,4
430,3,202607,bre,False,3
430,4,202608,BHA,True,2
430,5,202609,ARS,True,4
437,1,202605,lee,False,3
437,2,202606,NFO,True,3
437,3,202607,bha,False,3
437,4,202608,NEW,True,2
437,5,202609,tot,False,3
439,1,202606,LEE,True,2
439,2,202607,nfo,False,3
439,3,202608,EVE,True,3
439,4,202609,liv,False,4
439,5,202610,HUL,True,2
442,1,202605,lee,False,3
442,2,202606,NFO,True,3
442,3,202607,bha,False,3
442,4,202608,NEW,True,2
442,5,202609,tot,False,3
455,1,202606,avl,False,4
455,2,202607,LIV,True,4
455,3,202608,hul,False,2
455,4,202609,NFO,True,3
455,5,202610,bha,False,3
456,1,202605,SUN,True,2
456,2,202606,liv,False,4
456,3,202607,IPS,True,2
456,4,202608,avl,False,4
456,5,202609,BHA,True,2
458,1,202606,NEW,True,2
458,2,202607,tot,False,3
458,3,202608,FUL,True,2
458,4,202609,SUN,True,2
458,5,202610,eve,False,3
463,1,202605,MUN,True,4
463,2,202606,ips,False,2
463,3,202607,HUL,True,2
463,4,202608,cov,False,2
463,5,202609,avl,False,4
464,1,202606,BRE,True,3
464,2,202607,new,False,3
464,3,202608,MCI,True,4
464,4,202609,FUL,True,2
464,5,202610,mun,False,4
466,1,202606,BOU,True,3
466,2,202607,eve,False,3
466,3,202608,TOT,True,3
466,4,202609,MUN,True,4
466,5,202610,sun,False,3
470,1,202605,bou,False,3
470,2,202606,MCI,True,4
470,3,202607,bre,False,3
470,4,202608,BHA,True,2
470,5,202609,ARS,True,4
471,1,202605,LIV,True,4
471,2,202606,che,False,4
471,3,202607,SUN,True,2
471,4,202608,mun,False,4
471,5,202609,LEE,True,2
476,1,202605,SUN,True,2
476,2,202606,liv,False,4
476,3,202607,IPS,True,2
476,4,202608,avl,False,4
476,5,202609,BHA,True,2
483,1,202605,SUN,True,2
483,2,202606,liv,False,4
483,3,202607,IPS,True,2
483,4,202608,avl,False,4
483,5,202609,BHA,True,2
484,1,202605,CRY,True,3
484,2,202606,ars,False,5
484,3,202607,MUN,True,4
484,4,202608,sun,False,3
484,5,202609,bou,False,3
487,1,202606,LEE,True,2
487,2,202607,nfo,False,3
487,3,202608,EVE,True,3
487,4,202609,liv,False,4
487,5,202610,HUL,True,2
488,1,202606,NEW,True,2
488,2,202607,tot,False,3
488,3,202608,FUL,True,2
488,4,202609,SUN,True,2
488,5,202610,eve,False,3
492,1,202606,sun,False,3
492,2,202607,CRY,True,3
492,3,202608,liv,False,4
492,4,202609,mci,False,5
492,5,202610,BRE,True,3
495,1,202606,LEE,True,2
495,2,202607,nfo,False,3
495,3,202608,EVE,True,3
495,4,202609,liv,False,4
495,5,202610,HUL,True,2
498,1,202606,cov,False,2
498,2,202607,AVL,True,3
498,3,202608,cry,False,3
498,4,202609,EVE,True,3
498,5,202610,ful,False,3
503,1,202606,sun,False,3
503,2,202607,CRY,True,3
503,3,202608,liv,False,4
503,4,202609,mci,False,5
503,5,202610,BRE,True,3
506,1,202605,bou,False,3
506,2,202606,MCI,True,4
506,3,202607,bre,False,3
506,4,202608,BHA,True,2
506,5,202609,ARS,True,4
510,1,202606,cry,False,3
510,2,202607,ARS,True,4
510,3,202608,ips,False,2
510,4,202609,bre,False,3
510,5,202610,MCI,True,4
519,1,202606,BOU,True,3
519,2,202607,eve,False,3
519,3,202608,TOT,True,3
519,4,202609,MUN,True,4
519,5,202610,sun,False,3
532,1,202605,LIV,True,4
532,2,202606,che,False,4
532,3,202607,SUN,True,2
532,4,202608,mun,False,4
532,5,202609,LEE,True,2
538,1,202606,NEW,True,2
538,2,202607,tot,False,3
538,3,202608,FUL,True,2
538,4,202609,SUN,True,2
538,5,202610,eve,False,3
540,1,202605,LIV,True,4
540,2,202606,che,False,4
540,3,202607,SUN,True,2
540,4,202608,mun,False,4
540,5,202609,LEE,True,2
544,1,202605,bou,False,3
544,2,202606,MCI,True,4
544,3,202607,bre,False,3
544,4,202608,BHA,True,2
544,5,202609,ARS,True,4
548,1,202606,LEE,True,2
548,2,202607,nfo,False,3
548,3,202608,EVE,True,3
548,4,202609,liv,False,4
548,5,202610,HUL,True,2
549,1,202606,avl,False,4
549,2,202607,LIV,True,4
549,3,202608,hul,False,2
549,4,202609,NFO,True,3
549,5,202610,bha,False,3
551,1,202606,LEE,True,2
551,2,202607,nfo,False,3
551,3,202608,EVE,True,3
551,4,202609,liv,False,4
551,5,202610,HUL,True,2
552,1,202606,LEE,True,2
552,2,202607,nfo,False,3
552,3,202608,EVE,True,3
552,4,202609,liv,False,4
552,5,202610,HUL,True,2
555,1,202606,LEE,True,2
555,2,202607,nfo,False,3
555,3,202608,EVE,True,3
555,4,202609,liv,False,4
555,5,202610,HUL,True,2
568,1,202606,FUL,True,2
568,2,202607,mci,False,5
568,3,202608,NFO,True,3
568,4,202609,hul,False,2
568,5,202610,BOU,True,3
571,1,202606,sun,False,3
571,2,202607,CRY,True,3
571,3,202608,liv,False,4
571,4,202609,mci,False,5
571,5,202610,BRE,True,3
583,1,202605,mci,False,5
583,2,202606,BHA,True,2
583,3,202607,bou,False,3
583,4,202608,LEE,True,2
583,5,202609,cov,False,2
585,1,202606,mun,False,4
585,2,202607,COV,True,2
585,3,202608,che,False,4
585,4,202609,CRY,True,3
585,5,202610,lee,False,3
587,1,202606,NEW,True,2
587,2,202607,tot,False,3
587,3,202608,FUL,True,2
587,4,202609,SUN,True,2
587,5,202610,eve,False,3
589,1,202606,avl,False,4
589,2,202607,LIV,True,4
589,3,202608,hul,False,2
589,4,202609,NFO,True,3
589,5,202610,bha,False,3
600,1,202606,hul,False,2
600,2,202607,CHE,True,4
600,3,202608,ars,False,5
600,4,202609,new,False,3
600,5,202610,COV,True,2
602,1,202605,MUN,True,4
602,2,202606,ips,False,2
602,3,202607,HUL,True,2
602,4,202608,cov,False,2
602,5,202609,avl,False,4
603,1,202605,ful,False,3
603,2,202606,TOT,True,3
603,3,202607,lee,False,3
603,4,202608,BOU,True,3
603,5,202609,che,False,4
607,1,202606,sun,False,3
607,2,202607,CRY,True,3
607,3,202608,liv,False,4
607,4,202609,mci,False,5
607,5,202610,BRE,True,3
610,1,202605,ful,False,3
610,2,202606,TOT,True,3
610,3,202607,lee,False,3
610,4,202608,BOU,True,3
610,5,202609,che,False,4
614,1,202605,CRY,True,3
614,2,202606,ars,False,5
614,3,202607,MUN,True,4
614,4,202608,sun,False,3
614,5,202609,bou,False,3
616,1,202606,cov,False,2
616,2,202607,AVL,True,3
616,3,202608,cry,False,3
616,4,202609,EVE,True,3
616,5,202610,ful,False,3
617,1,202605,bou,False,3
617,2,202606,MCI,True,4
617,3,202607,bre,False,3
617,4,202608,BHA,True,2
617,5,202609,ARS,True,4
618,1,202605,bou,False,3
618,2,202606,MCI,True,4
618,3,202607,bre,False,3
618,4,202608,BHA,True,2
618,5,202609,ARS,True,4
632,1,202606,avl,False,4
632,2,202607,LIV,True,4
632,3,202608,hul,False,2
632,4,202609,NFO,True,3
632,5,202610,bha,False,3
636,1,202606,BRE,True,3
636,2,202607,new,False,3
636,3,202608,MCI,True,4
636,4,202609,FUL,True,2
636,5,202610,mun,False,4
637,1,202606,sun,False,3
637,2,202607,CRY,True,3
637,3,202608,liv,False,4
637,4,202609,mci,False,5
637,5,202610,BRE,True,3
638,1,202606,cry,False,3
638,2,202607,ARS,True,4
638,3,202608,ips,False,2
638,4,202609,bre,False,3
638,5,202610,MCI,True,4
642,1,202606,sun,False,3
642,2,202607,CRY,True,3
642,3,202608,liv,False,4
642,4,202609,mci,False,5
642,5,202610,BRE,True,3
643,1,202606,avl,False,4
643,2,202607,LIV,True,4
643,3,202608,hul,False,2
643,4,202609,NFO,True,3
643,5,202610,bha,False,3
644,1,202605,SUN,True,2
644,2,202606,liv,False,4
644,3,202607,IPS,True,2
644,4,202608,avl,False,4
644,5,202609,BHA,True,2
646,1,202606,LEE,True,2
646,2,202607,nfo,False,3
646,3,202608,EVE,True,3
646,4,202609,liv,False,4
646,5,202610,HUL,True,2
659,1,202605,lee,False,3
659,2,202606,NFO,True,3
659,3,202607,bha,False,3
659,4,202608,NEW,True,2
659,5,202609,tot,False,3
661,1,202606,FUL,True,2
661,2,202607,mci,False,5
661,3,202608,NFO,True,3
661,4,202609,hul,False,2
661,5,202610,BOU,True,3
668,1,202606,EVE,True,3
668,2,202607,ful,False,3
668,3,202608,BRE,True,3
668,4,202609,IPS,True,2
668,5,202610,ars,False,5
669,1,202606,FUL,True,2
669,2,202607,mci,False,5
669,3,202608,NFO,True,3
669,4,202609,hul,False,2
669,5,202610,BOU,True,3
672,1,202605,ful,False,3
672,2,202606,TOT,True,3
672,3,202607,lee,False,3
672,4,202608,BOU,True,3
672,5,202609,che,False,4
673,1,202606,hul,False,2
673,2,202607,CHE,True,4
673,3,202608,ars,False,5
673,4,202609,new,False,3
673,5,202610,COV,True,2
675,1,202605,CRY,True,3
675,2,202606,ars,False,5
675,3,202607,MUN,True,4
675,4,202608,sun,False,3
675,5,202609,bou,False,3
677,1,202606,sun,False,3
677,2,202607,CRY,True,3
677,3,202608,liv,False,4
677,4,202609,mci,False,5
677,5,202610,BRE,True,3
685,1,202606,FUL,True,2
685,2,202607,mci,False,5
685,3,202608,NFO,True,3
685,4,202609,hul,False,2
685,5,202610,BOU,True,3
692,1,202606,FUL,True,2
692,2,202607,mci,False,5
692,3,202608,NFO,True,3
692,4,202609,hul,False,2
692,5,202610,BOU,True,3
693,1,202606,cov,False,2
693,2,202607,AVL,True,3
693,3,202608,cry,False,3
693,4,202609,EVE,True,3
693,5,202610,ful,False,3
694,1,202606,cov,False,2
694,2,202607,AVL,True,3
694,3,202608,cry,False,3
694,4,202609,EVE,True,3
694,5,202610,ful,False,3
699,1,202606,FUL,True,2
699,2,202607,mci,False,5
699,3,202608,NFO,True,3
699,4,202609,hul,False,2
699,5,202610,BOU,True,3
702,1,202606,avl,False,4
702,2,202607,LIV,True,4
702,3,202608,hul,False,2
702,4,202609,NFO,True,3
702,5,202610,bha,False,3
707,1,202606,hul,False,2
707,2,202607,CHE,True,4
707,3,202608,ars,False,5
707,4,202609,new,False,3
707,5,202610,COV,True,2
720,1,202606,hul,False,2
720,2,202607,CHE,True,4
720,3,202608,ars,False,5
720,4,202609,new,False,3
720,5,202610,COV,True,2
721,1,202605,LIV,True,4
721,2,202606,che,False,4
721,3,202607,SUN,True,2
721,4,202608,mun,False,4
721,5,202609,LEE,True,2
722,1,202605,CRY,True,3
722,2,202606,ars,False,5
722,3,202607,MUN,True,4
722,4,202608,sun,False,3
722,5,202609,bou,False,3
723,1,202606,mun,False,4
723,2,202607,COV,True,2
723,3,202608,che,False,4
723,4,202609,CRY,True,3
723,5,202610,lee,False,3
725,1,202606,cry,False,3
725,2,202607,ARS,True,4
725,3,202608,ips,False,2
725,4,202609,bre,False,3
725,5,202610,MCI,True,4
727,1,202605,bou,False,3
727,2,202606,MCI,True,4
727,3,202607,bre,False,3
727,4,202608,BHA,True,2
727,5,202609,ARS,True,4
734,1,202606,hul,False,2
734,2,202607,CHE,True,4
734,3,202608,ars,False,5
734,4,202609,new,False,3
734,5,202610,COV,True,2
736,1,202605,CRY,True,3
736,2,202606,ars,False,5
736,3,202607,MUN,True,4
736,4,202608,sun,False,3
736,5,202609,bou,False,3
738,1,202606,BRE,True,3
738,2,202607,new,False,3
738,3,202608,MCI,True,4
738,4,202609,FUL,True,2
738,5,202610,mun,False,4
745,1,202606,mun,False,4
745,2,202607,COV,True,2
745,3,202608,che,False,4
745,4,202609,CRY,True,3
745,5,202610,lee,False,3
751,1,202606,hul,False,2
751,2,202607,CHE,True,4
751,3,202608,ars,False,5
751,4,202609,new,False,3
751,5,202610,COV,True,2
753,1,202606,sun,False,3
753,2,202607,CRY,True,3
753,3,202608,liv,False,4
753,4,202609,mci,False,5
753,5,202610,BRE,True,3
760,1,202605,CRY,True,3
760,2,202606,ars,False,5
760,3,202607,MUN,True,4
760,4,202608,sun,False,3
760,5,202609,bou,False,3
761,1,202605,bou,False,3
761,2,202606,MCI,True,4
761,3,202607,bre,False,3
761,4,202608,BHA,True,2
761,5,202609,ARS,True,4
769,1,202605,lee,False,3
769,2,202606,NFO,True,3
769,3,202607,bha,False,3
769,4,202608,NEW,True,2
769,5,202609,tot,False,3
773,1,202605,lee,False,3
773,2,202606,NFO,True,3
773,3,202607,bha,False,3
773,4,202608,NEW,True,2
773,5,202609,tot,False,3
779,1,202605,SUN,True,2
779,2,202606,liv,False,4
779,3,202607,IPS,True,2
779,4,202608,avl,False,4
779,5,202609,BHA,True,2
784,1,202605,lee,False,3
784,2,202606,NFO,True,3
784,3,202607,bha,False,3
784,4,202608,NEW,True,2
784,5,202609,tot,False,3
791,1,202605,MUN,True,4
791,2,202606,ips,False,2
791,3,202607,HUL,True,2
791,4,202608,cov,False,2
791,5,202609,avl,False,4
797,1,202606,EVE,True,3
797,2,202607,ful,False,3
797,3,202608,BRE,True,3
797,4,202609,IPS,True,2
797,5,202610,ars,False,5
798,1,202605,bou,False,3
798,2,202606,MCI,True,4
798,3,202607,bre,False,3
798,4,202608,BHA,True,2
798,5,202609,ARS,True,4
805,1,202605,CRY,True,3
805,2,202606,ars,False,5
805,3,202607,MUN,True,4
805,4,202608,sun,False,3
805,5,202609,bou,False,3
810,1,202606,cov,False,2
810,2,202607,AVL,True,3
810,3,202608,cry,False,3
810,4,202609,EVE,True,3
810,5,202610,ful,False,3
817,1,202606,cov,False,2
817,2,202607,AVL,True,3
817,3,202608,cry,False,3
817,4,202609,EVE,True,3
817,5,202610,ful,False,3
818,1,202606,EVE,True,3
818,2,202607,ful,False,3
818,3,202608,BRE,True,3
818,4,202609,IPS,True,2
818,5,202610,ars,False,5
823,1,202606,BRE,True,3
823,2,202607,new,False,3
823,3,202608,MCI,True,4
823,4,202609,FUL,True,2
823,5,202610,mun,False,4
840,1,202606,BOU,True,3
840,2,202607,eve,False,3
840,3,202608,TOT,True,3
840,4,202609,MUN,True,4
840,5,202610,sun,False,3
842,1,202606,hul,False,2
842,2,202607,CHE,True,4
842,3,202608,ars,False,5
842,4,202609,new,False,3
842,5,202610,COV,True,2
846,1,202605,MUN,True,4
846,2,202606,ips,False,2
846,3,202607,HUL,True,2
846,4,202608,cov,False,2
846,5,202609,avl,False,4
857,1,202606,BOU,True,3
857,2,202607,eve,False,3
857,3,202608,TOT,True,3
857,4,202609,MUN,True,4
857,5,202610,sun,False,3
863,1,202606,avl,False,4
863,2,202607,LIV,True,4
863,3,202608,hul,False,2
863,4,202609,NFO,True,3
863,5,202610,bha,False,3
865,1,202605,MUN,True,4
865,2,202606,ips,False,2
865,3,202607,HUL,True,2
865,4,202608,cov,False,2
865,5,202609,avl,False,4
876,1,202605,ful,False,3
876,2,202606,TOT,True,3
876,3,202607,lee,False,3
876,4,202608,BOU,True,3
876,5,202609,che,False,4
886,1,202606,BOU,True,3
886,2,202607,eve,False,3
886,3,202608,TOT,True,3
886,4,202609,MUN,True,4
886,5,202610,sun,False,3
888,1,202605,SUN,True,2
888,2,202606,liv,False,4
888,3,202607,IPS,True,2
888,4,202608,avl,False,4
888,5,202609,BHA,True,2
895,1,202606,FUL,True,2
895,2,202607,mci,False,5
895,3,202608,NFO,True,3
895,4,202609,hul,False,2
895,5,202610,BOU,True,3
896,1,202605,LIV,True,4
896,2,202606,che,False,4
896,3,202607,SUN,True,2
896,4,202608,mun,False,4
896,5,202609,LEE,True,2
897,1,202605,LIV,True,4
897,2,202606,che,False,4
897,3,202607,SUN,True,2
897,4,202608,mun,False,4
897,5,202609,LEE,True,2
902,1,202606,LEE,True,2
902,2,202607,nfo,False,3
902,3,202608,EVE,True,3
902,4,202609,liv,False,4
902,5,202610,HUL,True,2
903,1,202605,lee,False,3
903,2,202606,NFO,True,3
903,3,202607,bha,False,3
903,4,202608,NEW,True,2
903,5,202609,tot,False,3
905,1,202605,LIV,True,4
905,2,202606,che,False,4
905,3,202607,SUN,True,2
905,4,202608,mun,False,4
905,5,202609,LEE,True,2
906,1,202605,SUN,True,2
906,2,202606,liv,False,4
906,3,202607,IPS,True,2
906,4,202608,avl,False,4
906,5,202609,BHA,True,2
908,1,202605,lee,False,3
908,2,202606,NFO,True,3
908,3,202607,bha,False,3
908,4,202608,NEW,True,2
908,5,202609,tot,False,3
914,1,202606,LEE,True,2
914,2,202607,nfo,False,3
914,3,202608,EVE,True,3
914,4,202609,liv,False,4
914,5,202610,HUL,True,2
918,1,202605,SUN,True,2
918,2,202606,liv,False,4
918,3,202607,IPS,True,2
918,4,202608,avl,False,4
918,5,202609,BHA,True,2
924,1,202605,ful,False,3
924,2,202606,TOT,True,3
924,3,202607,lee,False,3
924,4,202608,BOU,True,3
924,5,202609,che,False,4
928,1,202606,FUL,True,2
928,2,202607,mci,False,5
928,3,202608,NFO,True,3
928,4,202609,hul,False,2
928,5,202610,BOU,True,3
933,1,202606,avl,False,4
933,2,202607,LIV,True,4
933,3,202608,hul,False,2
933,4,202609,NFO,True,3
933,5,202610,bha,False,3
941,1,202605,MUN,True,4
941,2,202606,ips,False,2
941,3,202607,HUL,True,2
941,4,202608,cov,False,2
941,5,202609,avl,False,4
942,1,202606,LEE,True,2
942,2,202607,nfo,False,3
942,3,202608,EVE,True,3
942,4,202609,liv,False,4
942,5,202610,HUL,True,2
943,1,202605,mci,False,5
943,2,202606,BHA,True,2
943,3,202607,bou,False,3
943,4,202608,LEE,True,2
943,5,202609,cov,False,2
948,1,202606,avl,False,4
948,2,202607,LIV,True,4
948,3,202608,hul,False,2
948,4,202609,NFO,True,3
948,5,202610,bha,False,3
954,1,202606,EVE,True,3
954,2,202607,ful,False,3
954,3,202608,BRE,True,3
954,4,202609,IPS,True,2
954,5,202610,ars,False,5
958,1,202606,hul,False,2
958,2,202607,CHE,True,4
958,3,202608,ars,False,5
958,4,202609,new,False,3
958,5,202610,COV,True,2
961,1,202606,avl,False,4
961,2,202607,LIV,True,4
961,3,202608,hul,False,2
961,4,202609,NFO,True,3
961,5,202610,bha,False,3
962,1,202606,FUL,True,2
962,2,202607,mci,False,5
962,3,202608,NFO,True,3
962,4,202609,hul,False,2
962,5,202610,BOU,True,3
963,1,202605,ful,False,3
963,2,202606,TOT,True,3
963,3,202607,lee,False,3
963,4,202608,BOU,True,3
963,5,202609,che,False,4
968,1,202606,BRE,True,3
968,2,202607,new,False,3
968,3,202608,MCI,True,4
968,4,202609,FUL,True,2
968,5,202610,mun,False,4
971,1,202606,avl,False,4
971,2,202607,LIV,True,4
971,3,202608,hul,False,2
971,4,202609,NFO,True,3
971,5,202610,bha,False,3
981,1,202606,BRE,True,3
981,2,202607,new,False,3
981,3,202608,MCI,True,4
981,4,202609,FUL,True,2
981,5,202610,mun,False,4
989,1,202606,FUL,True,2
989,2,202607,mci,False,5
989,3,202608,NFO,True,3
989,4,202609,hul,False,2
989,5,202610,BOU,True,3
992,1,202605,ful,False,3
992,2,202606,TOT,True,3
992,3,202607,lee,False,3
992,4,202608,BOU,True,3
992,5,202609,che,False,4
994,1,202605,mci,False,5
994,2,202606,BHA,True,2
994,3,202607,bou,False,3
994,4,202608,LEE,True,2
994,5,202609,cov,False,2
995,1,202606,BRE,True,3
995,2,202607,new,False,3
995,3,202608,MCI,True,4
995,4,202609,FUL,True,2
995,5,202610,mun,False,4
999,1,202606,BOU,True,3
999,2,202607,eve,False,3
999,3,202608,TOT,True,3
999,4,202609,MUN,True,4
999,5,202610,sun,False,3
1002,1,202605,LIV,True,4
1002,2,202606,che,False,4
1002,3,202607,SUN,True,2
1002,4,202608,mun,False,4
1002,5,202609,LEE,True,2
1004,1,202606,sun,False,3
1004,2,202607,CRY,True,3
1004,3,202608,liv,False,4
1004,4,202609,mci,False,5
1004,5,202610,BRE,True,3
1005,1,202606,cov,False,2
1005,2,202607,AVL,True,3
1005,3,202608,cry,False,3
1005,4,202609,EVE,True,3
1005,5,202610,ful,False,3
1006,1,202605,bou,False,3
1006,2,202606,MCI,True,4
1006,3,202607,bre,False,3
1006,4,202608,BHA,True,2
1006,5,202609,ARS,True,4
1007,1,202606,cov,False,2
1007,2,202607,AVL,True,3
1007,3,202608,cry,False,3
1007,4,202609,EVE,True,3
1007,5,202610,ful,False,3
1014,1,202606,cry,False,3
1014,2,202607,ARS,True,4
1014,3,202608,ips,False,2
1014,4,202609,bre,False,3
1014,5,202610,MCI,True,4
1019,1,202605,ful,False,3
1019,2,202606,TOT,True,3
1019,3,202607,lee,False,3
1019,4,202608,BOU,True,3
1019,5,202609,che,False,4
1029,1,202605,MUN,True,4
1029,2,202606,ips,False,2
1029,3,202607,HUL,True,2
1029,4,202608,cov,False,2
1029,5,202609,avl,False,4
1034,1,202606,mun,False,4
1034,2,202607,COV,True,2
1034,3,202608,che,False,4
1034,4,202609,CRY,True,3
1034,5,202610,lee,False,3
1036,1,202606,BRE,True,3
1036,2,202607,new,False,3
1036,3,202608,MCI,True,4
1036,4,202609,FUL,True,2
1036,5,202610,mun,False,4
1056,1,202605,ful,False,3
1056,2,202606,TOT,True,3
1056,3,202607,lee,False,3
1056,4,202608,BOU,True,3
1056,5,202609,che,False,4
1058,1,202606,NEW,True,2
1058,2,202607,tot,False,3
1058,3,202608,FUL,True,2
1058,4,202609,SUN,True,2
1058,5,202610,eve,False,3
1079,1,202606,BOU,True,3
1079,2,202607,eve,False,3
1079,3,202608,TOT,True,3
1079,4,202609,MUN,True,4
1079,5,202610,sun,False,3
1085,1,202605,ful,False,3
1085,2,202606,TOT,True,3
1085,3,202607,lee,False,3
1085,4,202608,BOU,True,3
1085,5,202609,che,False,4
1088,1,202606,BOU,True,3
1088,2,202607,eve,False,3
1088,3,202608,TOT,True,3
1088,4,202609,MUN,True,4
1088,5,202610,sun,False,3
1089,1,202605,SUN,True,2
1089,2,202606,liv,False,4
1089,3,202607,IPS,True,2
1089,4,202608,avl,False,4
1089,5,202609,BHA,True,2
1102,1,202606,mun,False,4
1102,2,202607,COV,True,2
1102,3,202608,che,False,4
1102,4,202609,CRY,True,3
1102,5,202610,lee,False,3
1103,1,202605,SUN,True,2
1103,2,202606,liv,False,4
1103,3,202607,IPS,True,2
1103,4,202608,avl,False,4
1103,5,202609,BHA,True,2
1107,1,202605,ful,False,3
1107,2,202606,TOT,True,3
1107,3,202607,lee,False,3
1107,4,202608,BOU,True,3
1107,5,202609,che,False,4
1108,1,202605,LIV,True,4
1108,2,202606,che,False,4
1108,3,202607,SUN,True,2
1108,4,202608,mun,False,4
1108,5,202609,LEE,True,2
1112,1,202606,cov,False,2
1112,2,202607,AVL,True,3
1112,3,202608,cry,False,3
1112,4,202609,EVE,True,3
1112,5,202610,ful,False,3
1115,1,202606,hul,False,2
1115,2,202607,CHE,True,4
1115,3,202608,ars,False,5
1115,4,202609,new,False,3
1115,5,202610,COV,True,2
1118,1,202606,mun,False,4
1118,2,202607,COV,True,2
1118,3,202608,che,False,4
1118,4,202609,CRY,True,3
1118,5,202610,lee,False,3
1121,1,202606,LEE,True,2
1121,2,202607,nfo,False,3
1121,3,202608,EVE,True,3
1121,4,202609,liv,False,4
1121,5,202610,HUL,True,2
1124,1,202606,EVE,True,3
1124,2,202607,ful,False,3
1124,3,202608,BRE,True,3
1124,4,202609,IPS,True,2
1124,5,202610,ars,False,5
1127,1,202605,ful,False,3
1127,2,202606,TOT,True,3
1127,3,202607,lee,False,3
1127,4,202608,BOU,True,3
1127,5,202609,che,False,4
1134,1,202605,SUN,True,2
1134,2,202606,liv,False,4
1134,3,202607,IPS,True,2
1134,4,202608,avl,False,4
1134,5,202609,BHA,True,2
1136,1,202606,mun,False,4
1136,2,202607,COV,True,2
1136,3,202608,che,False,4
1136,4,202609,CRY,True,3
1136,5,202610,lee,False,3
1141,1,202605,lee,False,3
1141,2,202606,NFO,True,3
1141,3,202607,bha,False,3
1141,4,202608,NEW,True,2
1141,5,202609,tot,False,3
1142,1,202605,SUN,True,2
1142,2,202606,liv,False,4
1142,3,202607,IPS,True,2
1142,4,202608,avl,False,4
1142,5,202609,BHA,True,2
1144,1,202605,ful,False,3
1144,2,202606,TOT,True,3
1144,3,202607,lee,False,3
1144,4,202608,BOU,True,3
1144,5,202609,che,False,4
1146,1,202606,avl,False,4
1146,2,202607,LIV,True,4
1146,3,202608,hul,False,2
1146,4,202609,NFO,True,3
1146,5,202610,bha,False,3
1150,1,202606,mun,False,4
1150,2,202607,COV,True,2
1150,3,202608,che,False,4
1150,4,202609,CRY,True,3
1150,5,202610,lee,False,3
1153,1,202606,sun,False,3
1153,2,202607,CRY,True,3
1153,3,202608,liv,False,4
1153,4,202609,mci,False,5
1153,5,202610,BRE,True,3
1157,1,202606,sun,False,3
1157,2,202607,CRY,True,3
1157,3,202608,liv,False,4
1157,4,202609,mci,False,5
1157,5,202610,BRE,True,3
1160,1,202606,EVE,True,3
1160,2,202607,ful,False,3
1160,3,202608,BRE,True,3
1160,4,202609,IPS,True,2
1160,5,202610,ars,False,5
1172,1,202605,ful,False,3
1172,2,202606,TOT,True,3
1172,3,202607,lee,False,3
1172,4,202608,BOU,True,3
1172,5,202609,che,False,4
1173,1,202606,BRE,True,3
1173,2,202607,new,False,3
1173,3,202608,MCI,True,4
1173,4,202609,FUL,True,2
1173,5,202610,mun,False,4
1176,1,202606,cry,False,3
1176,2,202607,ARS,True,4
1176,3,202608,ips,False,2
1176,4,202609,bre,False,3
1176,5,202610,MCI,True,4
1180,1,202605,SUN,True,2
1180,2,202606,liv,False,4
1180,3,202607,IPS,True,2
1180,4,202608,avl,False,4
1180,5,202609,BHA,True,2
1187,1,202606,BOU,True,3
1187,2,202607,eve,False,3
1187,3,202608,TOT,True,3
1187,4,202609,MUN,True,4
1187,5,202610,sun,False,3
1202,1,202606,avl,False,4
1202,2,202607,LIV,True,4
1202,3,202608,hul,False,2
1202,4,202609,NFO,True,3
1202,5,202610,bha,False,3
1203,1,202606,hul,False,2
1203,2,202607,CHE,True,4
1203,3,202608,ars,False,5
1203,4,202609,new,False,3
1203,5,202610,COV,True,2
1213,1,202606,mun,False,4
1213,2,202607,COV,True,2
1213,3,202608,che,False,4
1213,4,202609,CRY,True,3
1213,5,202610,lee,False,3
1218,1,202606,LEE,True,2
1218,2,202607,nfo,False,3
1218,3,202608,EVE,True,3
1218,4,202609,liv,False,4
1218,5,202610,HUL,True,2
1219,1,202606,mun,False,4
1219,2,202607,COV,True,2
1219,3,202608,che,False,4
1219,4,202609,CRY,True,3
1219,5,202610,lee,False,3
1220,1,202606,avl,False,4
1220,2,202607,LIV,True,4
1220,3,202608,hul,False,2
1220,4,202609,NFO,True,3
1220,5,202610,bha,False,3
1221,1,202605,bou,False,3
1221,2,202606,MCI,True,4
1221,3,202607,bre,False,3
1221,4,202608,BHA,True,2
1221,5,202609,ARS,True,4
1224,1,202606,cov,False,2
1224,2,202607,AVL,True,3
1224,3,202608,cry,False,3
1224,4,202609,EVE,True,3
1224,5,202610,ful,False,3
1226,1,202606,sun,False,3
1226,2,202607,CRY,True,3
1226,3,202608,liv,False,4
1226,4,202609,mci,False,5
1226,5,202610,BRE,True,3
1231,1,202606,mun,False,4
1231,2,202607,COV,True,2
1231,3,202608,che,False,4
1231,4,202609,CRY,True,3
1231,5,202610,lee,False,3
1234,1,202606,BOU,True,3
1234,2,202607,eve,False,3
1234,3,202608,TOT,True,3
1234,4,202609,MUN,True,4
1234,5,202610,sun,False,3
1235,1,202606,cry,False,3
1235,2,202607,ARS,True,4
1235,3,202608,ips,False,2
1235,4,202609,bre,False,3
1235,5,202610,MCI,True,4
1236,1,202606,BOU,True,3
1236,2,202607,eve,False,3
1236,3,202608,TOT,True,3
1236,4,202609,MUN,True,4
1236,5,202610,sun,False,3
1242,1,202606,cry,False,3
1242,2,202607,ARS,True,4
1242,3,202608,ips,False,2
1242,4,202609,bre,False,3
1242,5,202610,MCI,True,4
1243,1,202606,mun,False,4
1243,2,202607,COV,True,2
1243,3,202608,che,False,4
1243,4,202609,CRY,True,3
1243,5,202610,lee,False,3
1244,1,202606,LEE,True,2
1244,2,202607,nfo,False,3
1244,3,202608,EVE,True,3
1244,4,202609,liv,False,4
1244,5,202610,HUL,True,2
1256,1,202606,avl,False,4
1256,2,202607,LIV,True,4
1256,3,202608,hul,False,2
1256,4,202609,NFO,True,3
1256,5,202610,bha,False,3
1259,1,202606,hul,False,2
1259,2,202607,CHE,True,4
1259,3,202608,ars,False,5
1259,4,202609,new,False,3
1259,5,202610,COV,True,2
1270,1,202606,cry,False,3
1270,2,202607,ARS,True,4
1270,3,202608,ips,False,2
1270,4,202609,bre,False,3
1270,5,202610,MCI,True,4
1275,1,202606,cov,False,2
1275,2,202607,AVL,True,3
1275,3,202608,cry,False,3
1275,4,202609,EVE,True,3
1275,5,202610,ful,False,3
1277,1,202606,cov,False,2
1277,2,202607,AVL,True,3
1277,3,202608,cry,False,3
1277,4,202609,EVE,True,3
1277,5,202610,ful,False,3
1278,1,202605,SUN,True,2
1278,2,202606,liv,False,4
1278,3,202607,IPS,True,2
1278,4,202608,avl,False,4
1278,5,202609,BHA,True,2
1279,1,202606,BRE,True,3
1279,2,202607,new,False,3
1279,3,202608,MCI,True,4
1279,4,202609,FUL,True,2
1279,5,202610,mun,False,4
1282,1,202606,cry,False,3
1282,2,202607,ARS,True,4
1282,3,202608,ips,False,2
1282,4,202609,bre,False,3
1282,5,202610,MCI,True,4
1287,1,202606,cry,False,3
1287,2,202607,ARS,True,4
1287,3,202608,ips,False,2
1287,4,202609,bre,False,3
1287,5,202610,MCI,True,4
1293,1,202606,LEE,True,2
1293,2,202607,nfo,False,3
1293,3,202608,EVE,True,3
1293,4,202609,liv,False,4
1293,5,202610,HUL,True,2
1294,1,202606,hul,False,2
1294,2,202607,CHE,True,4
1294,3,202608,ars,False,5
1294,4,202609,new,False,3
1294,5,202610,COV,True,2
1296,1,202605,ful,False,3
1296,2,202606,TOT,True,3
1296,3,202607,lee,False,3
1296,4,202608,BOU,True,3
1296,5,202609,che,False,4
1306,1,202606,cry,False,3
1306,2,202607,ARS,True,4
1306,3,202608,ips,False,2
1306,4,202609,bre,False,3
1306,5,202610,MCI,True,4
1321,1,202606,BRE,True,3
1321,2,202607,new,False,3
1321,3,202608,MCI,True,4
1321,4,202609,FUL,True,2
1321,5,202610,mun,False,4
1324,1,202606,mun,False,4
1324,2,202607,COV,True,2
1324,3,202608,che,False,4
1324,4,202609,CRY,True,3
1324,5,202610,lee,False,3
1325,1,202606,cry,False,3
1325,2,202607,ARS,True,4
1325,3,202608,ips,False,2
1325,4,202609,bre,False,3
1325,5,202610,MCI,True,4
1327,1,202606,cry,False,3
1327,2,202607,ARS,True,4
1327,3,202608,ips,False,2
1327,4,202609,bre,False,3
1327,5,202610,MCI,True,4
1332,1,202605,MUN,True,4
1332,2,202606,ips,False,2
1332,3,202607,HUL,True,2
1332,4,202608,cov,False,2
1332,5,202609,avl,False,4
1347,1,202606,mun,False,4
1347,2,202607,COV,True,2
1347,3,202608,che,False,4
1347,4,202609,CRY,True,3
1347,5,202610,lee,False,3
1349,1,202606,sun,False,3
1349,2,202607,CRY,True,3
1349,3,202608,liv,False,4
1349,4,202609,mci,False,5
1349,5,202610,BRE,True,3
1350,1,202606,sun,False,3
1350,2,202607,CRY,True,3
1350,3,202608,liv,False,4
1350,4,202609,mci,False,5
1350,5,202610,BRE,True,3
1353,1,202605,ful,False,3
1353,2,202606,TOT,True,3
1353,3,202607,lee,False,3
1353,4,202608,BOU,True,3
1353,5,202609,che,False,4
1357,1,202606,BRE,True,3
1357,2,202607,new,False,3
1357,3,202608,MCI,True,4
1357,4,202609,FUL,True,2
1357,5,202610,mun,False,4
1363,1,202606,BOU,True,3
1363,2,202607,eve,False,3
1363,3,202608,TOT,True,3
1363,4,202609,MUN,True,4
1363,5,202610,sun,False,3
1364,1,202606,mun,False,4
1364,2,202607,COV,True,2
1364,3,202608,che,False,4
1364,4,202609,CRY,True,3
1364,5,202610,lee,False,3
1370,1,202605,SUN,True,2
1370,2,202606,liv,False,4
1370,3,202607,IPS,True,2
1370,4,202608,avl,False,4
1370,5,202609,BHA,True,2
1392,1,202605,SUN,True,2
1392,2,202606,liv,False,4
1392,3,202607,IPS,True,2
1392,4,202608,avl,False,4
1392,5,202609,BHA,True,2
1397,1,202606,BOU,True,3
1397,2,202607,eve,False,3
1397,3,202608,TOT,True,3
1397,4,202609,MUN,True,4
1397,5,202610,sun,False,3
1399,1,202606,LEE,True,2
1399,2,202607,nfo,False,3
1399,3,202608,EVE,True,3
1399,4,202609,liv,False,4
1399,5,202610,HUL,True,2
1401,1,202605,lee,False,3
1401,2,202606,NFO,True,3
1401,3,202607,bha,False,3
1401,4,202608,NEW,True,2
1401,5,202609,tot,False,3
1412,1,202606,LEE,True,2
1412,2,202607,nfo,False,3
1412,3,202608,EVE,True,3
1412,4,202609,liv,False,4
1412,5,202610,HUL,True,2
1414,1,202606,mun,False,4
1414,2,202607,COV,True,2
1414,3,202608,che,False,4
1414,4,202609,CRY,True,3
1414,5,202610,lee,False,3
1416,1,202606,avl,False,4
1416,2,202607,LIV,True,4
1416,3,202608,hul,False,2
1416,4,202609,NFO,True,3
1416,5,202610,bha,False,3
1417,1,202605,SUN,True,2
1417,2,202606,liv,False,4
1417,3,202607,IPS,True,2
1417,4,202608,avl,False,4
1417,5,202609,BHA,True,2
1425,1,202606,BOU,True,3
1425,2,202607,eve,False,3
1425,3,202608,TOT,True,3
1425,4,202609,MUN,True,4
1425,5,202610,sun,False,3
1430,1,202605,SUN,True,2
1430,2,202606,liv,False,4
1430,3,202607,IPS,True,2
1430,4,202608,avl,False,4
1430,5,202609,BHA,True,2
1431,1,202606,mun,False,4
1431,2,202607,COV,True,2
1431,3,202608,che,False,4
1431,4,202609,CRY,True,3
1431,5,202610,lee,False,3
1435,1,202605,MUN,True,4
1435,2,202606,ips,False,2
1435,3,202607,HUL,True,2
1435,4,202608,cov,False,2
1435,5,202609,avl,False,4
1437,1,202605,lee,False,3
1437,2,202606,NFO,True,3
1437,3,202607,bha,False,3
1437,4,202608,NEW,True,2
1437,5,202609,tot,False,3
1441,1,202605,mci,False,5
1441,2,202606,BHA,True,2
1441,3,202607,bou,False,3
1441,4,202608,LEE,True,2
1441,5,202609,cov,False,2
1445,1,202606,BOU,True,3
1445,2,202607,eve,False,3
1445,3,202608,TOT,True,3
1445,4,202609,MUN,True,4
1445,5,202610,sun,False,3
1449,1,202606,BRE,True,3
1449,2,202607,new,False,3
1449,3,202608,MCI,True,4
1449,4,202609,FUL,True,2
1449,5,202610,mun,False,4
1458,1,202605,LIV,True,4
1458,2,202606,che,False,4
1458,3,202607,SUN,True,2
1458,4,202608,mun,False,4
1458,5,202609,LEE,True,2
1462,1,202606,EVE,True,3
1462,2,202607,ful,False,3
1462,3,202608,BRE,True,3
1462,4,202609,IPS,True,2
1462,5,202610,ars,False,5
1463,1,202605,bou,False,3
1463,2,202606,MCI,True,4
1463,3,202607,bre,False,3
1463,4,202608,BHA,True,2
1463,5,202609,ARS,True,4
1467,1,202605,MUN,True,4
1467,2,202606,ips,False,2
1467,3,202607,HUL,True,2
1467,4,202608,cov,False,2
1467,5,202609,avl,False,4
1469,1,202606,cry,False,3
1469,2,202607,ARS,True,4
1469,3,202608,ips,False,2
1469,4,202609,bre,False,3
1469,5,202610,MCI,True,4
1470,1,202605,SUN,True,2
1470,2,202606,liv,False,4
1470,3,202607,IPS,True,2
1470,4,202608,avl,False,4
1470,5,202609,BHA,True,2
1485,1,202606,FUL,True,2
1485,2,202607,mci,False,5
1485,3,202608,NFO,True,3
1485,4,202609,hul,False,2
1485,5,202610,BOU,True,3
1495,1,202606,BRE,True,3
1495,2,202607,new,False,3
1495,3,202608,MCI,True,4
1495,4,202609,FUL,True,2
1495,5,202610,mun,False,4
1499,1,202605,MUN,True,4
1499,2,202606,ips,False,2
1499,3,202607,HUL,True,2
1499,4,202608,cov,False,2
1499,5,202609,avl,False,4
1500,1,202606,mun,False,4
1500,2,202607,COV,True,2
1500,3,202608,che,False,4
1500,4,202609,CRY,True,3
1500,5,202610,lee,False,3
1507,1,202606,FUL,True,2
1507,2,202607,mci,False,5
1507,3,202608,NFO,True,3
1507,4,202609,hul,False,2
1507,5,202610,BOU,True,3
1515,1,202605,CRY,True,3
1515,2,202606,ars,False,5
1515,3,202607,MUN,True,4
1515,4,202608,sun,False,3
1515,5,202609,bou,False,3
1517,1,202606,cov,False,2
1517,2,202607,AVL,True,3
1517,3,202608,cry,False,3
1517,4,202609,EVE,True,3
1517,5,202610,ful,False,3
1519,1,202606,avl,False,4
1519,2,202607,LIV,True,4
1519,3,202608,hul,False,2
1519,4,202609,NFO,True,3
1519,5,202610,bha,False,3
1531,1,202605,MUN,True,4
1531,2,202606,ips,False,2
1531,3,202607,HUL,True,2
1531,4,202608,cov,False,2
1531,5,202609,avl,False,4
1534,1,202606,BOU,True,3
1534,2,202607,eve,False,3
1534,3,202608,TOT,True,3
1534,4,202609,MUN,True,4
1534,5,202610,sun,False,3
1537,1,202605,mci,False,5
1537,2,202606,BHA,True,2
1537,3,202607,bou,False,3
1537,4,202608,LEE,True,2
1537,5,202609,cov,False,2
1551,1,202605,bou,False,3
1551,2,202606,MCI,True,4
1551,3,202607,bre,False,3
1551,4,202608,BHA,True,2
1551,5,202609,ARS,True,4
1559,1,202606,cry,False,3
1559,2,202607,ARS,True,4
1559,3,202608,ips,False,2
1559,4,202609,bre,False,3
1559,5,202610,MCI,True,4
1566,1,202606,cov,False,2
1566,2,202607,AVL,True,3
1566,3,202608,cry,False,3
1566,4,202609,EVE,True,3
1566,5,202610,ful,False,3
1569,1,202606,mun,False,4
1569,2,202607,COV,True,2
1569,3,202608,che,False,4
1569,4,202609,CRY,True,3
1569,5,202610,lee,False,3
1575,1,202606,NEW,True,2
1575,2,202607,tot,False,3
1575,3,202608,FUL,True,2
1575,4,202609,SUN,True,2
1575,5,202610,eve,False,3
1577,1,202606,BRE,True,3
1577,2,202607,new,False,3
1577,3,202608,MCI,True,4
1577,4,202609,FUL,True,2
1577,5,202610,mun,False,4
1614,1,202606,EVE,True,3
1614,2,202607,ful,False,3
1614,3,202608,BRE,True,3
1614,4,202609,IPS,True,2
1614,5,202610,ars,False,5
1618,1,202605,MUN,True,4
1618,2,202606,ips,False,2
1618,3,202607,HUL,True,2
1618,4,202608,cov,False,2
1618,5,202609,avl,False,4
1620,1,202606,cov,False,2
1620,2,202607,AVL,True,3
1620,3,202608,cry,False,3
1620,4,202609,EVE,True,3
1620,5,202610,ful,False,3
1623,1,202605,ful,False,3
1623,2,202606,TOT,True,3
1623,3,202607,lee,False,3
1623,4,202608,BOU,True,3
1623,5,202609,che,False,4
1626,1,202605,MUN,True,4
1626,2,202606,ips,False,2
1626,3,202607,HUL,True,2
1626,4,202608,cov,False,2
1626,5,202609,avl,False,4
1631,1,202605,ful,False,3
1631,2,202606,TOT,True,3
1631,3,202607,lee,False,3
1631,4,202608,BOU,True,3
1631,5,202609,che,False,4
1632,1,202606,hul,False,2
1632,2,202607,CHE,True,4
1632,3,202608,ars,False,5
1632,4,202609,new,False,3
1632,5,202610,COV,True,2
1637,1,202605,lee,False,3
1637,2,202606,NFO,True,3
1637,3,202607,bha,False,3
1637,4,202608,NEW,True,2
1637,5,202609,tot,False,3
1644,1,202606,mun,False,4
1644,2,202607,COV,True,2
1644,3,202608,che,False,4
1644,4,202609,CRY,True,3
1644,5,202610,lee,False,3
1649,1,202606,BOU,True,3
1649,2,202607,eve,False,3
1649,3,202608,TOT,True,3
1649,4,202609,MUN,True,4
1649,5,202610,sun,False,3
1655,1,202605,LIV,True,4
1655,2,202606,che,False,4
1655,3,202607,SUN,True,2
1655,4,202608,mun,False,4
1655,5,202609,LEE,True,2
1656,1,202606,hul,False,2
1656,2,202607,CHE,True,4
1656,3,202608,ars,False,5
1656,4,202609,new,False,3
1656,5,202610,COV,True,2
1657,1,202605,ful,False,3
1657,2,202606,TOT,True,3
1657,3,202607,lee,False,3
1657,4,202608,BOU,True,3
1657,5,202609,che,False,4
1664,1,202605,lee,False,3
1664,2,202606,NFO,True,3
1664,3,202607,bha,False,3
1664,4,202608,NEW,True,2
1664,5,202609,tot,False,3
1665,1,202606,hul,False,2
1665,2,202607,CHE,True,4
1665,3,202608,ars,False,5
1665,4,202609,new,False,3
1665,5,202610,COV,True,2
1666,1,202606,BRE,True,3
1666,2,202607,new,False,3
1666,3,202608,MCI,True,4
1666,4,202609,FUL,True,2
1666,5,202610,mun,False,4
1668,1,202606,BOU,True,3
1668,2,202607,eve,False,3
1668,3,202608,TOT,True,3
1668,4,202609,MUN,True,4
1668,5,202610,sun,False,3
1672,1,202606,BRE,True,3
1672,2,202607,new,False,3
1672,3,202608,MCI,True,4
1672,4,202609,FUL,True,2
1672,5,202610,mun,False,4
1677,1,202605,bou,False,3
1677,2,202606,MCI,True,4
1677,3,202607,bre,False,3
1677,4,202608,BHA,True,2
1677,5,202609,ARS,True,4
1678,1,202606,hul,False,2
1678,2,202607,CHE,True,4
1678,3,202608,ars,False,5
1678,4,202609,new,False,3
1678,5,202610,COV,True,2
1679,1,202606,avl,False,4
1679,2,202607,LIV,True,4
1679,3,202608,hul,False,2
1679,4,202609,NFO,True,3
1679,5,202610,bha,False,3
1681,1,202605,SUN,True,2
1681,2,202606,liv,False,4
1681,3,202607,IPS,True,2
1681,4,202608,avl,False,4
1681,5,202609,BHA,True,2
1684,1,202605,bou,False,3
1684,2,202606,MCI,True,4
1684,3,202607,bre,False,3
1684,4,202608,BHA,True,2
1684,5,202609,ARS,True,4
1688,1,202606,FUL,True,2
1688,2,202607,mci,False,5
1688,3,202608,NFO,True,3
1688,4,202609,hul,False,2
1688,5,202610,BOU,True,3
1692,1,202606,BOU,True,3
1692,2,202607,eve,False,3
1692,3,202608,TOT,True,3
1692,4,202609,MUN,True,4
1692,5,202610,sun,False,3
1697,1,202605,CRY,True,3
1697,2,202606,ars,False,5
1697,3,202607,MUN,True,4
1697,4,202608,sun,False,3
1697,5,202609,bou,False,3
1700,1,202605,LIV,True,4
1700,2,202606,che,False,4
1700,3,202607,SUN,True,2
1700,4,202608,mun,False,4
1700,5,202609,LEE,True,2
1702,1,202605,lee,False,3
1702,2,202606,NFO,True,3
1702,3,202607,bha,False,3
1702,4,202608,NEW,True,2
1702,5,202609,tot,False,3
1707,1,202606,cov,False,2
1707,2,202607,AVL,True,3
1707,3,202608,cry,False,3
1707,4,202609,EVE,True,3
1707,5,202610,ful,False,3
1708,1,202606,LEE,True,2
1708,2,202607,nfo,False,3
1708,3,202608,EVE,True,3
1708,4,202609,liv,False,4
1708,5,202610,HUL,True,2
1716,1,202606,mun,False,4
1716,2,202607,COV,True,2
1716,3,202608,che,False,4
1716,4,202609,CRY,True,3
1716,5,202610,lee,False,3
1725,1,202606,sun,False,3
1725,2,202607,CRY,True,3
1725,3,202608,liv,False,4
1725,4,202609,mci,False,5
1725,5,202610,BRE,True,3
1726,1,202606,sun,False,3
1726,2,202607,CRY,True,3
1726,3,202608,liv,False,4
1726,4,202609,mci,False,5
1726,5,202610,BRE,True,3
1729,1,202606,avl,False,4
1729,2,202607,LIV,True,4
1729,3,202608,hul,False,2
1729,4,202609,NFO,True,3
1729,5,202610,bha,False,3
1732,1,202606,cov,False,2
1732,2,202607,AVL,True,3
1732,3,202608,cry,False,3
1732,4,202609,EVE,True,3
1732,5,202610,ful,False,3
1734,1,202605,ful,False,3
1734,2,202606,TOT,True,3
1734,3,202607,lee,False,3
1734,4,202608,BOU,True,3
1734,5,202609,che,False,4
1738,1,202606,cry,False,3
1738,2,202607,ARS,True,4
1738,3,202608,ips,False,2
1738,4,202609,bre,False,3
1738,5,202610,MCI,True,4
1755,1,202605,LIV,True,4
1755,2,202606,che,False,4
1755,3,202607,SUN,True,2
1755,4,202608,mun,False,4
1755,5,202609,LEE,True,2
1757,1,202606,LEE,True,2
1757,2,202607,nfo,False,3
1757,3,202608,EVE,True,3
1757,4,202609,liv,False,4
1757,5,202610,HUL,True,2
1758,1,202606,LEE,True,2
1758,2,202607,nfo,False,3
1758,3,202608,EVE,True,3
1758,4,202609,liv,False,4
1758,5,202610,HUL,True,2
1759,1,202606,LEE,True,2
1759,2,202607,nfo,False,3
1759,3,202608,EVE,True,3
1759,4,202609,liv,False,4
1759,5,202610,HUL,True,2
1760,1,202606,LEE,True,2
1760,2,202607,nfo,False,3
1760,3,202608,EVE,True,3
1760,4,202609,liv,False,4
1760,5,202610,HUL,True,2
1762,1,202606,LEE,True,2
1762,2,202607,nfo,False,3
1762,3,202608,EVE,True,3
1762,4,202609,liv,False,4
1762,5,202610,HUL,True,2
1764,1,202606,BRE,True,3
1764,2,202607,new,False,3
1764,3,202608,MCI,True,4
1764,4,202609,FUL,True,2
1764,5,202610,mun,False,4
1768,1,202606,BRE,True,3
1768,2,202607,new,False,3
1768,3,202608,MCI,True,4
1768,4,202609,FUL,True,2
1768,5,202610,mun,False,4
1769,1,202606,BRE,True,3
1769,2,202607,new,False,3
1769,3,202608,MCI,True,4
1769,4,202609,FUL,True,2
1769,5,202610,mun,False,4
1770,1,202606,BRE,True,3
1770,2,202607,new,False,3
1770,3,202608,MCI,True,4
1770,4,202609,FUL,True,2
1770,5,202610,mun,False,4
1774,1,202606,BRE,True,3
1774,2,202607,new,False,3
1774,3,202608,MCI,True,4
1774,4,202609,FUL,True,2
1774,5,202610,mun,False,4
1784,1,202606,NEW,True,2
1784,2,202607,tot,False,3
1784,3,202608,FUL,True,2
1784,4,202609,SUN,True,2
1784,5,202610,eve,False,3
1787,1,202606,FUL,True,2
1787,2,202607,mci,False,5
1787,3,202608,NFO,True,3
1787,4,202609,hul,False,2
1787,5,202610,BOU,True,3
1789,1,202606,FUL,True,2
1789,2,202607,mci,False,5
1789,3,202608,NFO,True,3
1789,4,202609,hul,False,2
1789,5,202610,BOU,True,3
1793,1,202605,LIV,True,4
1793,2,202606,che,False,4
1793,3,202607,SUN,True,2
1793,4,202608,mun,False,4
1793,5,202609,LEE,True,2
1796,1,202605,LIV,True,4
1796,2,202606,che,False,4
1796,3,202607,SUN,True,2
1796,4,202608,mun,False,4
1796,5,202609,LEE,True,2
1797,1,202605,LIV,True,4
1797,2,202606,che,False,4
1797,3,202607,SUN,True,2
1797,4,202608,mun,False,4
1797,5,202609,LEE,True,2
1798,1,202605,LIV,True,4
1798,2,202606,che,False,4
1798,3,202607,SUN,True,2
1798,4,202608,mun,False,4
1798,5,202609,LEE,True,2
1800,1,202605,LIV,True,4
1800,2,202606,che,False,4
1800,3,202607,SUN,True,2
1800,4,202608,mun,False,4
1800,5,202609,LEE,True,2
1802,1,202605,LIV,True,4
1802,2,202606,che,False,4
1802,3,202607,SUN,True,2
1802,4,202608,mun,False,4
1802,5,202609,LEE,True,2
1805,1,202605,LIV,True,4
1805,2,202606,che,False,4
1805,3,202607,SUN,True,2
1805,4,202608,mun,False,4
1805,5,202609,LEE,True,2
1807,1,202605,LIV,True,4
1807,2,202606,che,False,4
1807,3,202607,SUN,True,2
1807,4,202608,mun,False,4
1807,5,202609,LEE,True,2
1808,1,202606,avl,False,4
1808,2,202607,LIV,True,4
1808,3,202608,hul,False,2
1808,4,202609,NFO,True,3
1808,5,202610,bha,False,3
1811,1,202606,avl,False,4
1811,2,202607,LIV,True,4
1811,3,202608,hul,False,2
1811,4,202609,NFO,True,3
1811,5,202610,bha,False,3
1817,1,202606,sun,False,3
1817,2,202607,CRY,True,3
1817,3,202608,liv,False,4
1817,4,202609,mci,False,5
1817,5,202610,BRE,True,3
1818,1,202606,sun,False,3
1818,2,202607,CRY,True,3
1818,3,202608,liv,False,4
1818,4,202609,mci,False,5
1818,5,202610,BRE,True,3
1819,1,202606,sun,False,3
1819,2,202607,CRY,True,3
1819,3,202608,liv,False,4
1819,4,202609,mci,False,5
1819,5,202610,BRE,True,3
1820,1,202606,sun,False,3
1820,2,202607,CRY,True,3
1820,3,202608,liv,False,4
1820,4,202609,mci,False,5
1820,5,202610,BRE,True,3
1822,1,202606,sun,False,3
1822,2,202607,CRY,True,3
1822,3,202608,liv,False,4
1822,4,202609,mci,False,5
1822,5,202610,BRE,True,3
1823,1,202606,sun,False,3
1823,2,202607,CRY,True,3
1823,3,202608,liv,False,4
1823,4,202609,mci,False,5
1823,5,202610,BRE,True,3
1824,1,202606,sun,False,3
1824,2,202607,CRY,True,3
1824,3,202608,liv,False,4
1824,4,202609,mci,False,5
1824,5,202610,BRE,True,3
1825,1,202606,sun,False,3
1825,2,202607,CRY,True,3
1825,3,202608,liv,False,4
1825,4,202609,mci,False,5
1825,5,202610,BRE,True,3
1826,1,202606,sun,False,3
1826,2,202607,CRY,True,3
1826,3,202608,liv,False,4
1826,4,202609,mci,False,5
1826,5,202610,BRE,True,3
1827,1,202606,BOU,True,3
1827,2,202607,eve,False,3
1827,3,202608,TOT,True,3
1827,4,202609,MUN,True,4
1827,5,202610,sun,False,3
1828,1,202606,BOU,True,3
1828,2,202607,eve,False,3
1828,3,202608,TOT,True,3
1828,4,202609,MUN,True,4
1828,5,202610,sun,False,3
1829,1,202606,BOU,True,3
1829,2,202607,eve,False,3
1829,3,202608,TOT,True,3
1829,4,202609,MUN,True,4
1829,5,202610,sun,False,3
1830,1,202606,BOU,True,3
1830,2,202607,eve,False,3
1830,3,202608,TOT,True,3
1830,4,202609,MUN,True,4
1830,5,202610,sun,False,3
1831,1,202606,BOU,True,3
1831,2,202607,eve,False,3
1831,3,202608,TOT,True,3
1831,4,202609,MUN,True,4
1831,5,202610,sun,False,3
1833,1,202606,BOU,True,3
1833,2,202607,eve,False,3
1833,3,202608,TOT,True,3
1833,4,202609,MUN,True,4
1833,5,202610,sun,False,3
1840,1,202605,lee,False,3
1840,2,202606,NFO,True,3
1840,3,202607,bha,False,3
1840,4,202608,NEW,True,2
1840,5,202609,tot,False,3
1841,1,202605,lee,False,3
1841,2,202606,NFO,True,3
1841,3,202607,bha,False,3
1841,4,202608,NEW,True,2
1841,5,202609,tot,False,3
1843,1,202605,lee,False,3
1843,2,202606,NFO,True,3
1843,3,202607,bha,False,3
1843,4,202608,NEW,True,2
1843,5,202609,tot,False,3
1844,1,202605,lee,False,3
1844,2,202606,NFO,True,3
1844,3,202607,bha,False,3
1844,4,202608,NEW,True,2
1844,5,202609,tot,False,3
1845,1,202605,lee,False,3
1845,2,202606,NFO,True,3
1845,3,202607,bha,False,3
1845,4,202608,NEW,True,2
1845,5,202609,tot,False,3
1846,1,202605,lee,False,3
1846,2,202606,NFO,True,3
1846,3,202607,bha,False,3
1846,4,202608,NEW,True,2
1846,5,202609,tot,False,3
1847,1,202605,lee,False,3
1847,2,202606,NFO,True,3
1847,3,202607,bha,False,3
1847,4,202608,NEW,True,2
1847,5,202609,tot,False,3
1848,1,202605,lee,False,3
1848,2,202606,NFO,True,3
1848,3,202607,bha,False,3
1848,4,202608,NEW,True,2
1848,5,202609,tot,False,3
1853,1,202606,hul,False,2
1853,2,202607,CHE,True,4
1853,3,202608,ars,False,5
1853,4,202609,new,False,3
1853,5,202610,COV,True,2
1854,1,202606,hul,False,2
1854,2,202607,CHE,True,4
1854,3,202608,ars,False,5
1854,4,202609,new,False,3
1854,5,202610,COV,True,2
1855,1,202606,hul,False,2
1855,2,202607,CHE,True,4
1855,3,202608,ars,False,5
1855,4,202609,new,False,3
1855,5,202610,COV,True,2
1856,1,202606,hul,False,2
1856,2,202607,CHE,True,4
1856,3,202608,ars,False,5
1856,4,202609,new,False,3
1856,5,202610,COV,True,2
1857,1,202605,MUN,True,4
1857,2,202606,ips,False,2
1857,3,202607,HUL,True,2
1857,4,202608,cov,False,2
1857,5,202609,avl,False,4
1859,1,202605,MUN,True,4
1859,2,202606,ips,False,2
1859,3,202607,HUL,True,2
1859,4,202608,cov,False,2
1859,5,202609,avl,False,4
1860,1,202605,MUN,True,4
1860,2,202606,ips,False,2
1860,3,202607,HUL,True,2
1860,4,202608,cov,False,2
1860,5,202609,avl,False,4
1862,1,202605,MUN,True,4
1862,2,202606,ips,False,2
1862,3,202607,HUL,True,2
1862,4,202608,cov,False,2
1862,5,202609,avl,False,4
1863,1,202605,CRY,True,3
1863,2,202606,ars,False,5
1863,3,202607,MUN,True,4
1863,4,202608,sun,False,3
1863,5,202609,bou,False,3
1864,1,202605,CRY,True,3
1864,2,202606,ars,False,5
1864,3,202607,MUN,True,4
1864,4,202608,sun,False,3
1864,5,202609,bou,False,3
1865,1,202605,CRY,True,3
1865,2,202606,ars,False,5
1865,3,202607,MUN,True,4
1865,4,202608,sun,False,3
1865,5,202609,bou,False,3
1866,1,202605,CRY,True,3
1866,2,202606,ars,False,5
1866,3,202607,MUN,True,4
1866,4,202608,sun,False,3
1866,5,202609,bou,False,3
1868,1,202605,CRY,True,3
1868,2,202606,ars,False,5
1868,3,202607,MUN,True,4
1868,4,202608,sun,False,3
1868,5,202609,bou,False,3
1870,1,202605,CRY,True,3
1870,2,202606,ars,False,5
1870,3,202607,MUN,True,4
1870,4,202608,sun,False,3
1870,5,202609,bou,False,3
1872,1,202605,CRY,True,3
1872,2,202606,ars,False,5
1872,3,202607,MUN,True,4
1872,4,202608,sun,False,3
1872,5,202609,bou,False,3
1873,1,202605,CRY,True,3
1873,2,202606,ars,False,5
1873,3,202607,MUN,True,4
1873,4,202608,sun,False,3
1873,5,202609,bou,False,3
1874,1,202605,CRY,True,3
1874,2,202606,ars,False,5
1874,3,202607,MUN,True,4
1874,4,202608,sun,False,3
1874,5,202609,bou,False,3
1875,1,202605,CRY,True,3
1875,2,202606,ars,False,5
1875,3,202607,MUN,True,4
1875,4,202608,sun,False,3
1875,5,202609,bou,False,3
1876,1,202605,CRY,True,3
1876,2,202606,ars,False,5
1876,3,202607,MUN,True,4
1876,4,202608,sun,False,3
1876,5,202609,bou,False,3
1877,1,202605,CRY,True,3
1877,2,202606,ars,False,5
1877,3,202607,MUN,True,4
1877,4,202608,sun,False,3
1877,5,202609,bou,False,3
1880,1,202605,CRY,True,3
1880,2,202606,ars,False,5
1880,3,202607,MUN,True,4
1880,4,202608,sun,False,3
1880,5,202609,bou,False,3
1882,1,202605,CRY,True,3
1882,2,202606,ars,False,5
1882,3,202607,MUN,True,4
1882,4,202608,sun,False,3
1882,5,202609,bou,False,3
1883,1,202605,bou,False,3
1883,2,202606,MCI,True,4
1883,3,202607,bre,False,3
1883,4,202608,BHA,True,2
1883,5,202609,ARS,True,4
1885,1,202605,bou,False,3
1885,2,202606,MCI,True,4
1885,3,202607,bre,False,3
1885,4,202608,BHA,True,2
1885,5,202609,ARS,True,4
1886,1,202605,bou,False,3
1886,2,202606,MCI,True,4
1886,3,202607,bre,False,3
1886,4,202608,BHA,True,2
1886,5,202609,ARS,True,4
1887,1,202605,bou,False,3
1887,2,202606,MCI,True,4
1887,3,202607,bre,False,3
1887,4,202608,BHA,True,2
1887,5,202609,ARS,True,4
1888,1,202605,bou,False,3
1888,2,202606,MCI,True,4
1888,3,202607,bre,False,3
1888,4,202608,BHA,True,2
1888,5,202609,ARS,True,4
1889,1,202605,bou,False,3
1889,2,202606,MCI,True,4
1889,3,202607,bre,False,3
1889,4,202608,BHA,True,2
1889,5,202609,ARS,True,4
1890,1,202605,bou,False,3
1890,2,202606,MCI,True,4
1890,3,202607,bre,False,3
1890,4,202608,BHA,True,2
1890,5,202609,ARS,True,4
1892,1,202605,bou,False,3
1892,2,202606,MCI,True,4
1892,3,202607,bre,False,3
1892,4,202608,BHA,True,2
1892,5,202609,ARS,True,4
1895,1,202605,SUN,True,2
1895,2,202606,liv,False,4
1895,3,202607,IPS,True,2
1895,4,202608,avl,False,4
1895,5,202609,BHA,True,2
1897,1,202605,SUN,True,2
1897,2,202606,liv,False,4
1897,3,202607,IPS,True,2
1897,4,202608,avl,False,4
1897,5,202609,BHA,True,2
1899,1,202605,SUN,True,2
1899,2,202606,liv,False,4
1899,3,202607,IPS,True,2
1899,4,202608,avl,False,4
1899,5,202609,BHA,True,2
1900,1,202605,SUN,True,2
1900,2,202606,liv,False,4
1900,3,202607,IPS,True,2
1900,4,202608,avl,False,4
1900,5,202609,BHA,True,2
1901,1,202606,NEW,True,2
1901,2,202607,tot,False,3
1901,3,202608,FUL,True,2
1901,4,202609,SUN,True,2
1901,5,202610,eve,False,3
1902,1,202605,SUN,True,2
1902,2,202606,liv,False,4
1902,3,202607,IPS,True,2
1902,4,202608,avl,False,4
1902,5,202609,BHA,True,2
1905,1,202605,ful,False,3
1905,2,202606,TOT,True,3
1905,3,202607,lee,False,3
1905,4,202608,BOU,True,3
1905,5,202609,che,False,4
1907,1,202605,ful,False,3
1907,2,202606,TOT,True,3
1907,3,202607,lee,False,3
1907,4,202608,BOU,True,3
1907,5,202609,che,False,4
1908,1,202605,ful,False,3
1908,2,202606,TOT,True,3
1908,3,202607,lee,False,3
1908,4,202608,BOU,True,3
1908,5,202609,che,False,4
1909,1,202605,ful,False,3
1909,2,202606,TOT,True,3
1909,3,202607,lee,False,3
1909,4,202608,BOU,True,3
1909,5,202609,che,False,4
1910,1,202605,ful,False,3
1910,2,202606,TOT,True,3
1910,3,202607,lee,False,3
1910,4,202608,BOU,True,3
1910,5,202609,che,False,4
1911,1,202605,ful,False,3
1911,2,202606,TOT,True,3
1911,3,202607,lee,False,3
1911,4,202608,BOU,True,3
1911,5,202609,che,False,4
1914,1,202606,cov,False,2
1914,2,202607,AVL,True,3
1914,3,202608,cry,False,3
1914,4,202609,EVE,True,3
1914,5,202610,ful,False,3
1916,1,202606,cov,False,2
1916,2,202607,AVL,True,3
1916,3,202608,cry,False,3
1916,4,202609,EVE,True,3
1916,5,202610,ful,False,3
1917,1,202606,cov,False,2
1917,2,202607,AVL,True,3
1917,3,202608,cry,False,3
1917,4,202609,EVE,True,3
1917,5,202610,ful,False,3
1920,1,202606,cry,False,3
1920,2,202607,ARS,True,4
1920,3,202608,ips,False,2
1920,4,202609,bre,False,3
1920,5,202610,MCI,True,4
1922,1,202606,cry,False,3
1922,2,202607,ARS,True,4
1922,3,202608,ips,False,2
1922,4,202609,bre,False,3
1922,5,202610,MCI,True,4
1923,1,202606,cry,False,3
1923,2,202607,ARS,True,4
1923,3,202608,ips,False,2
1923,4,202609,bre,False,3
1923,5,202610,MCI,True,4
1924,1,202606,cry,False,3
1924,2,202607,ARS,True,4
1924,3,202608,ips,False,2
1924,4,202609,bre,False,3
1924,5,202610,MCI,True,4
1925,1,202606,cry,False,3
1925,2,202607,ARS,True,4
1925,3,202608,ips,False,2
1925,4,202609,bre,False,3
1925,5,202610,MCI,True,4
1926,1,202606,cry,False,3
1926,2,202607,ARS,True,4
1926,3,202608,ips,False,2
1926,4,202609,bre,False,3
1926,5,202610,MCI,True,4
1928,1,202606,cry,False,3
1928,2,202607,ARS,True,4
1928,3,202608,ips,False,2
1928,4,202609,bre,False,3
1928,5,202610,MCI,True,4
1930,1,202606,cry,False,3
1930,2,202607,ARS,True,4
1930,3,202608,ips,False,2
1930,4,202609,bre,False,3
1930,5,202610,MCI,True,4
1934,1,202605,mci,False,5
1934,2,202606,BHA,True,2
1934,3,202607,bou,False,3
1934,4,202608,LEE,True,2
1934,5,202609,cov,False,2
1936,1,202605,mci,False,5
1936,2,202606,BHA,True,2
1936,3,202607,bou,False,3
1936,4,202608,LEE,True,2
1936,5,202609,cov,False,2
1937,1,202605,mci,False,5
1937,2,202606,BHA,True,2
1937,3,202607,bou,False,3
1937,4,202608,LEE,True,2
1937,5,202609,cov,False,2
1942,1,202605,mci,False,5
1942,2,202606,BHA,True,2
1942,3,202607,bou,False,3
1942,4,202608,LEE,True,2
1942,5,202609,cov,False,2
1944,1,202605,mci,False,5
1944,2,202606,BHA,True,2
1944,3,202607,bou,False,3
1944,4,202608,LEE,True,2
1944,5,202609,cov,False,2
1945,1,202605,mci,False,5
1945,2,202606,BHA,True,2
1945,3,202607,bou,False,3
1945,4,202608,LEE,True,2
1945,5,202609,cov,False,2
1946,1,202605,mci,False,5
1946,2,202606,BHA,True,2
1946,3,202607,bou,False,3
1946,4,202608,LEE,True,2
1946,5,202609,cov,False,2
1949,1,202605,mci,False,5
1949,2,202606,BHA,True,2
1949,3,202607,bou,False,3
1949,4,202608,LEE,True,2
1949,5,202609,cov,False,2
1952,1,202605,mci,False,5
1952,2,202606,BHA,True,2
1952,3,202607,bou,False,3
1952,4,202608,LEE,True,2
1952,5,202609,cov,False,2
1953,1,202605,mci,False,5
1953,2,202606,BHA,True,2
1953,3,202607,bou,False,3
1953,4,202608,LEE,True,2
1953,5,202609,cov,False,2
1954,1,202605,mci,False,5
1954,2,202606,BHA,True,2
1954,3,202607,bou,False,3
1954,4,202608,LEE,True,2
1954,5,202609,cov,False,2
1960,1,202605,mci,False,5
1960,2,202606,BHA,True,2
1960,3,202607,bou,False,3
1960,4,202608,LEE,True,2
1960,5,202609,cov,False,2
1965,1,202605,mci,False,5
1965,2,202606,BHA,True,2
1965,3,202607,bou,False,3
1965,4,202608,LEE,True,2
1965,5,202609,cov,False,2
1966,1,202605,mci,False,5
1966,2,202606,BHA,True,2
1966,3,202607,bou,False,3
1966,4,202608,LEE,True,2
1966,5,202609,cov,False,2
1967,1,202605,mci,False,5
1967,2,202606,BHA,True,2
1967,3,202607,bou,False,3
1967,4,202608,LEE,True,2
1967,5,202609,cov,False,2
1969,1,202605,mci,False,5
1969,2,202606,BHA,True,2
1969,3,202607,bou,False,3
1969,4,202608,LEE,True,2
1969,5,202609,cov,False,2
1972,1,202605,mci,False,5
1972,2,202606,BHA,True,2
1972,3,202607,bou,False,3
1972,4,202608,LEE,True,2
1972,5,202609,cov,False,2
1973,1,202605,mci,False,5
1973,2,202606,BHA,True,2
1973,3,202607,bou,False,3
1973,4,202608,LEE,True,2
1973,5,202609,cov,False,2
1974,1,202605,mci,False,5
1974,2,202606,BHA,True,2
1974,3,202607,bou,False,3
1974,4,202608,LEE,True,2
1974,5,202609,cov,False,2
1978,1,202606,sun,False,3
1978,2,202607,CRY,True,3
1978,3,202608,liv,False,4
1978,4,202609,mci,False,5
1978,5,202610,BRE,True,3
1980,1,202606,mun,False,4
1980,2,202607,COV,True,2
1980,3,202608,che,False,4
1980,4,202609,CRY,True,3
1980,5,202610,lee,False,3
1981,1,202606,mun,False,4
1981,2,202607,COV,True,2
1981,3,202608,che,False,4
1981,4,202609,CRY,True,3
1981,5,202610,lee,False,3
1983,1,202606,mun,False,4
1983,2,202607,COV,True,2
1983,3,202608,che,False,4
1983,4,202609,CRY,True,3
1983,5,202610,lee,False,3
1984,1,202606,mun,False,4
1984,2,202607,COV,True,2
1984,3,202608,che,False,4
1984,4,202609,CRY,True,3
1984,5,202610,lee,False,3
1986,1,202606,mun,False,4
1986,2,202607,COV,True,2
1986,3,202608,che,False,4
1986,4,202609,CRY,True,3
1986,5,202610,lee,False,3
1987,1,202606,mun,False,4
1987,2,202607,COV,True,2
1987,3,202608,che,False,4
1987,4,202609,CRY,True,3
1987,5,202610,lee,False,3
1990,1,202606,avl,False,4
1990,2,202607,LIV,True,4
1990,3,202608,hul,False,2
1990,4,202609,NFO,True,3
1990,5,202610,bha,False,3
1993,1,202606,BRE,True,3
1993,2,202607,new,False,3
1993,3,202608,MCI,True,4
1993,4,202609,FUL,True,2
1993,5,202610,mun,False,4
2017,1,202606,BRE,True,3
2017,2,202607,new,False,3
2017,3,202608,MCI,True,4
2017,4,202609,FUL,True,2
2017,5,202610,mun,False,4
2018,1,202606,BRE,True,3
2018,2,202607,new,False,3
2018,3,202608,MCI,True,4
2018,4,202609,FUL,True,2
2018,5,202610,mun,False,4
2019,1,202606,BRE,True,3
2019,2,202607,new,False,3
2019,3,202608,MCI,True,4
2019,4,202609,FUL,True,2
2019,5,202610,mun,False,4
2020,1,202605,LIV,True,4
2020,2,202606,che,False,4
2020,3,202607,SUN,True,2
2020,4,202608,mun,False,4
2020,5,202609,LEE,True,2
2021,1,202605,LIV,True,4
2021,2,202606,che,False,4
2021,3,202607,SUN,True,2
2021,4,202608,mun,False,4
2021,5,202609,LEE,True,2
2022,1,202605,LIV,True,4
2022,2,202606,che,False,4
2022,3,202607,SUN,True,2
2022,4,202608,mun,False,4
2022,5,202609,LEE,True,2
2023,1,202606,avl,False,4
2023,2,202607,LIV,True,4
2023,3,202608,hul,False,2
2023,4,202609,NFO,True,3
2023,5,202610,bha,False,3
2024,1,202606,avl,False,4
2024,2,202607,LIV,True,4
2024,3,202608,hul,False,2
2024,4,202609,NFO,True,3
2024,5,202610,bha,False,3
2025,1,202606,sun,False,3
2025,2,202607,CRY,True,3
2025,3,202608,liv,False,4
2025,4,202609,mci,False,5
2025,5,202610,BRE,True,3
2026,1,202606,sun,False,3
2026,2,202607,CRY,True,3
2026,3,202608,liv,False,4
2026,4,202609,mci,False,5
2026,5,202610,BRE,True,3
2027,1,202606,sun,False,3
2027,2,202607,CRY,True,3
2027,3,202608,liv,False,4
2027,4,202609,mci,False,5
2027,5,202610,BRE,True,3
2028,1,202606,sun,False,3
2028,2,202607,CRY,True,3
2028,3,202608,liv,False,4
2028,4,202609,mci,False,5
2028,5,202610,BRE,True,3
2029,1,202606,BOU,True,3
2029,2,202607,eve,False,3
2029,3,202608,TOT,True,3
2029,4,202609,MUN,True,4
2029,5,202610,sun,False,3
2030,1,202606,BOU,True,3
2030,2,202607,eve,False,3
2030,3,202608,TOT,True,3
2030,4,202609,MUN,True,4
2030,5,202610,sun,False,3
2031,1,202606,BOU,True,3
2031,2,202607,eve,False,3
2031,3,202608,TOT,True,3
2031,4,202609,MUN,True,4
2031,5,202610,sun,False,3
2032,1,202606,BOU,True,3
2032,2,202607,eve,False,3
2032,3,202608,TOT,True,3
2032,4,202609,MUN,True,4
2032,5,202610,sun,False,3
2033,1,202606,NEW,True,2
2033,2,202607,tot,False,3
2033,3,202608,FUL,True,2
2033,4,202609,SUN,True,2
2033,5,202610,eve,False,3
2034,1,202606,NEW,True,2
2034,2,202607,tot,False,3
2034,3,202608,FUL,True,2
2034,4,202609,SUN,True,2
2034,5,202610,eve,False,3
2035,1,202606,NEW,True,2
2035,2,202607,tot,False,3
2035,3,202608,FUL,True,2
2035,4,202609,SUN,True,2
2035,5,202610,eve,False,3
2036,1,202606,NEW,True,2
2036,2,202607,tot,False,3
2036,3,202608,FUL,True,2
2036,4,202609,SUN,True,2
2036,5,202610,eve,False,3
2037,1,202606,NEW,True,2
2037,2,202607,tot,False,3
2037,3,202608,FUL,True,2
2037,4,202609,SUN,True,2
2037,5,202610,eve,False,3
2038,1,202606,NEW,True,2
2038,2,202607,tot,False,3
2038,3,202608,FUL,True,2
2038,4,202609,SUN,True,2
2038,5,202610,eve,False,3
2039,1,202606,NEW,True,2
2039,2,202607,tot,False,3
2039,3,202608,FUL,True,2
2039,4,202609,SUN,True,2
2039,5,202610,eve,False,3
2040,1,202606,NEW,True,2
2040,2,202607,tot,False,3
2040,3,202608,FUL,True,2
2040,4,202609,SUN,True,2
2040,5,202610,eve,False,3
2041,1,202606,NEW,True,2
2041,2,202607,tot,False,3
2041,3,202608,FUL,True,2
2041,4,202609,SUN,True,2
2041,5,202610,eve,False,3
2042,1,202606,NEW,True,2
2042,2,202607,tot,False,3
2042,3,202608,FUL,True,2
2042,4,202609,SUN,True,2
2042,5,202610,eve,False,3
2043,1,202606,NEW,True,2
2043,2,202607,tot,False,3
2043,3,202608,FUL,True,2
2043,4,202609,SUN,True,2
2043,5,202610,eve,False,3
2044,1,202606,NEW,True,2
2044,2,202607,tot,False,3
2044,3,202608,FUL,True,2
2044,4,202609,SUN,True,2
2044,5,202610,eve,False,3
2045,1,202606,NEW,True,2
2045,2,202607,tot,False,3
2045,3,202608,FUL,True,2
2045,4,202609,SUN,True,2
2045,5,202610,eve,False,3
2046,1,202606,NEW,True,2
2046,2,202607,tot,False,3
2046,3,202608,FUL,True,2
2046,4,202609,SUN,True,2
2046,5,202610,eve,False,3
2047,1,202606,NEW,True,2
2047,2,202607,tot,False,3
2047,3,202608,FUL,True,2
2047,4,202609,SUN,True,2
2047,5,202610,eve,False,3
2048,1,202606,NEW,True,2
2048,2,202607,tot,False,3
2048,3,202608,FUL,True,2
2048,4,202609,SUN,True,2
2048,5,202610,eve,False,3
2049,1,202606,NEW,True,2
2049,2,202607,tot,False,3
2049,3,202608,FUL,True,2
2049,4,202609,SUN,True,2
2049,5,202610,eve,False,3
2050,1,202606,NEW,True,2
2050,2,202607,tot,False,3
2050,3,202608,FUL,True,2
2050,4,202609,SUN,True,2
2050,5,202610,eve,False,3
2051,1,202606,NEW,True,2
2051,2,202607,tot,False,3
2051,3,202608,FUL,True,2
2051,4,202609,SUN,True,2
2051,5,202610,eve,False,3
2052,1,202606,NEW,True,2
2052,2,202607,tot,False,3
2052,3,202608,FUL,True,2
2052,4,202609,SUN,True,2
2052,5,202610,eve,False,3
2053,1,202606,NEW,True,2
2053,2,202607,tot,False,3
2053,3,202608,FUL,True,2
2053,4,202609,SUN,True,2
2053,5,202610,eve,False,3
2054,1,202606,NEW,True,2
2054,2,202607,tot,False,3
2054,3,202608,FUL,True,2
2054,4,202609,SUN,True,2
2054,5,202610,eve,False,3
2055,1,202606,NEW,True,2
2055,2,202607,tot,False,3
2055,3,202608,FUL,True,2
2055,4,202609,SUN,True,2
2055,5,202610,eve,False,3
2056,1,202606,NEW,True,2
2056,2,202607,tot,False,3
2056,3,202608,FUL,True,2
2056,4,202609,SUN,True,2
2056,5,202610,eve,False,3
2057,1,202605,lee,False,3
2057,2,202606,NFO,True,3
2057,3,202607,bha,False,3
2057,4,202608,NEW,True,2
2057,5,202609,tot,False,3
2058,1,202605,lee,False,3
2058,2,202606,NFO,True,3
2058,3,202607,bha,False,3
2058,4,202608,NEW,True,2
2058,5,202609,tot,False,3
2059,1,202605,lee,False,3
2059,2,202606,NFO,True,3
2059,3,202607,bha,False,3
2059,4,202608,NEW,True,2
2059,5,202609,tot,False,3
2060,1,202606,hul,False,2
2060,2,202607,CHE,True,4
2060,3,202608,ars,False,5
2060,4,202609,new,False,3
2060,5,202610,COV,True,2
2061,1,202605,MUN,True,4
2061,2,202606,ips,False,2
2061,3,202607,HUL,True,2
2061,4,202608,cov,False,2
2061,5,202609,avl,False,4
2062,1,202605,MUN,True,4
2062,2,202606,ips,False,2
2062,3,202607,HUL,True,2
2062,4,202608,cov,False,2
2062,5,202609,avl,False,4
2063,1,202606,EVE,True,3
2063,2,202607,ful,False,3
2063,3,202608,BRE,True,3
2063,4,202609,IPS,True,2
2063,5,202610,ars,False,5
2064,1,202606,EVE,True,3
2064,2,202607,ful,False,3
2064,3,202608,BRE,True,3
2064,4,202609,IPS,True,2
2064,5,202610,ars,False,5
2065,1,202606,EVE,True,3
2065,2,202607,ful,False,3
2065,3,202608,BRE,True,3
2065,4,202609,IPS,True,2
2065,5,202610,ars,False,5
2066,1,202606,EVE,True,3
2066,2,202607,ful,False,3
2066,3,202608,BRE,True,3
2066,4,202609,IPS,True,2
2066,5,202610,ars,False,5
2067,1,202606,EVE,True,3
2067,2,202607,ful,False,3
2067,3,202608,BRE,True,3
2067,4,202609,IPS,True,2
2067,5,202610,ars,False,5
2068,1,202606,EVE,True,3
2068,2,202607,ful,False,3
2068,3,202608,BRE,True,3
2068,4,202609,IPS,True,2
2068,5,202610,ars,False,5
2069,1,202606,EVE,True,3
2069,2,202607,ful,False,3
2069,3,202608,BRE,True,3
2069,4,202609,IPS,True,2
2069,5,202610,ars,False,5
2070,1,202606,EVE,True,3
2070,2,202607,ful,False,3
2070,3,202608,BRE,True,3
2070,4,202609,IPS,True,2
2070,5,202610,ars,False,5
2071,1,202606,EVE,True,3
2071,2,202607,ful,False,3
2071,3,202608,BRE,True,3
2071,4,202609,IPS,True,2
2071,5,202610,ars,False,5
2072,1,202606,EVE,True,3
2072,2,202607,ful,False,3
2072,3,202608,BRE,True,3
2072,4,202609,IPS,True,2
2072,5,202610,ars,False,5
2073,1,202606,EVE,True,3
2073,2,202607,ful,False,3
2073,3,202608,BRE,True,3
2073,4,202609,IPS,True,2
2073,5,202610,ars,False,5
2074,1,202606,EVE,True,3
2074,2,202607,ful,False,3
2074,3,202608,BRE,True,3
2074,4,202609,IPS,True,2
2074,5,202610,ars,False,5
2075,1,202606,EVE,True,3
2075,2,202607,ful,False,3
2075,3,202608,BRE,True,3
2075,4,202609,IPS,True,2
2075,5,202610,ars,False,5
2076,1,202606,EVE,True,3
2076,2,202607,ful,False,3
2076,3,202608,BRE,True,3
2076,4,202609,IPS,True,2
2076,5,202610,ars,False,5
2077,1,202606,EVE,True,3
2077,2,202607,ful,False,3
2077,3,202608,BRE,True,3
2077,4,202609,IPS,True,2
2077,5,202610,ars,False,5
2078,1,202606,EVE,True,3
2078,2,202607,ful,False,3
2078,3,202608,BRE,True,3
2078,4,202609,IPS,True,2
2078,5,202610,ars,False,5
2079,1,202606,EVE,True,3
2079,2,202607,ful,False,3
2079,3,202608,BRE,True,3
2079,4,202609,IPS,True,2
2079,5,202610,ars,False,5
2080,1,202606,EVE,True,3
2080,2,202607,ful,False,3
2080,3,202608,BRE,True,3
2080,4,202609,IPS,True,2
2080,5,202610,ars,False,5
2081,1,202606,EVE,True,3
2081,2,202607,ful,False,3
2081,3,202608,BRE,True,3
2081,4,202609,IPS,True,2
2081,5,202610,ars,False,5
2082,1,202606,EVE,True,3
2082,2,202607,ful,False,3
2082,3,202608,BRE,True,3
2082,4,202609,IPS,True,2
2082,5,202610,ars,False,5
2083,1,202606,EVE,True,3
2083,2,202607,ful,False,3
2083,3,202608,BRE,True,3
2083,4,202609,IPS,True,2
2083,5,202610,ars,False,5
2084,1,202606,EVE,True,3
2084,2,202607,ful,False,3
2084,3,202608,BRE,True,3
2084,4,202609,IPS,True,2
2084,5,202610,ars,False,5
2085,1,202606,EVE,True,3
2085,2,202607,ful,False,3
2085,3,202608,BRE,True,3
2085,4,202609,IPS,True,2
2085,5,202610,ars,False,5
2086,1,202606,EVE,True,3
2086,2,202607,ful,False,3
2086,3,202608,BRE,True,3
2086,4,202609,IPS,True,2
2086,5,202610,ars,False,5
2087,1,202606,EVE,True,3
2087,2,202607,ful,False,3
2087,3,202608,BRE,True,3
2087,4,202609,IPS,True,2
2087,5,202610,ars,False,5
2088,1,202606,EVE,True,3
2088,2,202607,ful,False,3
2088,3,202608,BRE,True,3
2088,4,202609,IPS,True,2
2088,5,202610,ars,False,5
2089,1,202606,FUL,True,2
2089,2,202607,mci,False,5
2089,3,202608,NFO,True,3
2089,4,202609,hul,False,2
2089,5,202610,BOU,True,3
2090,1,202606,FUL,True,2
2090,2,202607,mci,False,5
2090,3,202608,NFO,True,3
2090,4,202609,hul,False,2
2090,5,202610,BOU,True,3
2091,1,202606,FUL,True,2
2091,2,202607,mci,False,5
2091,3,202608,NFO,True,3
2091,4,202609,hul,False,2
2091,5,202610,BOU,True,3
2092,1,202606,FUL,True,2
2092,2,202607,mci,False,5
2092,3,202608,NFO,True,3
2092,4,202609,hul,False,2
2092,5,202610,BOU,True,3
2093,1,202606,FUL,True,2
2093,2,202607,mci,False,5
2093,3,202608,NFO,True,3
2093,4,202609,hul,False,2
2093,5,202610,BOU,True,3
2094,1,202606,FUL,True,2
2094,2,202607,mci,False,5
2094,3,202608,NFO,True,3
2094,4,202609,hul,False,2
2094,5,202610,BOU,True,3
2095,1,202606,FUL,True,2
2095,2,202607,mci,False,5
2095,3,202608,NFO,True,3
2095,4,202609,hul,False,2
2095,5,202610,BOU,True,3
2096,1,202606,FUL,True,2
2096,2,202607,mci,False,5
2096,3,202608,NFO,True,3
2096,4,202609,hul,False,2
2096,5,202610,BOU,True,3
2097,1,202606,FUL,True,2
2097,2,202607,mci,False,5
2097,3,202608,NFO,True,3
2097,4,202609,hul,False,2
2097,5,202610,BOU,True,3
2098,1,202606,FUL,True,2
2098,2,202607,mci,False,5
2098,3,202608,NFO,True,3
2098,4,202609,hul,False,2
2098,5,202610,BOU,True,3
2099,1,202605,CRY,True,3
2099,2,202606,ars,False,5
2099,3,202607,MUN,True,4
2099,4,202608,sun,False,3
2099,5,202609,bou,False,3
2100,1,202605,bou,False,3
2100,2,202606,MCI,True,4
2100,3,202607,bre,False,3
2100,4,202608,BHA,True,2
2100,5,202609,ARS,True,4
2101,1,202605,bou,False,3
2101,2,202606,MCI,True,4
2101,3,202607,bre,False,3
2101,4,202608,BHA,True,2
2101,5,202609,ARS,True,4
2102,1,202605,bou,False,3
2102,2,202606,MCI,True,4
2102,3,202607,bre,False,3
2102,4,202608,BHA,True,2
2102,5,202609,ARS,True,4
2103,1,202605,bou,False,3
2103,2,202606,MCI,True,4
2103,3,202607,bre,False,3
2103,4,202608,BHA,True,2
2103,5,202609,ARS,True,4
2104,1,202605,bou,False,3
2104,2,202606,MCI,True,4
2104,3,202607,bre,False,3
2104,4,202608,BHA,True,2
2104,5,202609,ARS,True,4
2105,1,202605,SUN,True,2
2105,2,202606,liv,False,4
2105,3,202607,IPS,True,2
2105,4,202608,avl,False,4
2105,5,202609,BHA,True,2
2106,1,202606,cov,False,2
2106,2,202607,AVL,True,3
2106,3,202608,cry,False,3
2106,4,202609,EVE,True,3
2106,5,202610,ful,False,3
2107,1,202606,cov,False,2
2107,2,202607,AVL,True,3
2107,3,202608,cry,False,3
2107,4,202609,EVE,True,3
2107,5,202610,ful,False,3
2108,1,202606,cov,False,2
2108,2,202607,AVL,True,3
2108,3,202608,cry,False,3
2108,4,202609,EVE,True,3
2108,5,202610,ful,False,3
2109,1,202606,cov,False,2
2109,2,202607,AVL,True,3
2109,3,202608,cry,False,3
2109,4,202609,EVE,True,3
2109,5,202610,ful,False,3
2110,1,202606,cov,False,2
2110,2,202607,AVL,True,3
2110,3,202608,cry,False,3
2110,4,202609,EVE,True,3
2110,5,202610,ful,False,3
2111,1,202606,cov,False,2
2111,2,202607,AVL,True,3
2111,3,202608,cry,False,3
2111,4,202609,EVE,True,3
2111,5,202610,ful,False,3
2112,1,202606,cry,False,3
2112,2,202607,ARS,True,4
2112,3,202608,ips,False,2
2112,4,202609,bre,False,3
2112,5,202610,MCI,True,4
2113,1,202606,cry,False,3
2113,2,202607,ARS,True,4
2113,3,202608,ips,False,2
2113,4,202609,bre,False,3
2113,5,202610,MCI,True,4
2114,1,202606,cry,False,3
2114,2,202607,ARS,True,4
2114,3,202608,ips,False,2
2114,4,202609,bre,False,3
2114,5,202610,MCI,True,4
2115,1,202605,mci,False,5
2115,2,202606,BHA,True,2
2115,3,202607,bou,False,3
2115,4,202608,LEE,True,2
2115,5,202609,cov,False,2
2116,1,202606,BRE,True,3
2116,2,202607,new,False,3
2116,3,202608,MCI,True,4
2116,4,202609,FUL,True,2
2116,5,202610,mun,False,4
2117,1,202606,BRE,True,3
2117,2,202607,new,False,3
2117,3,202608,MCI,True,4
2117,4,202609,FUL,True,2
2117,5,202610,mun,False,4
2118,1,202606,NEW,True,2
2118,2,202607,tot,False,3
2118,3,202608,FUL,True,2
2118,4,202609,SUN,True,2
2118,5,202610,eve,False,3
2119,1,202605,CRY,True,3
2119,2,202606,ars,False,5
2119,3,202607,MUN,True,4
2119,4,202608,sun,False,3
2119,5,202609,bou,False,3
2120,1,202606,BRE,True,3
2120,2,202607,new,False,3
2120,3,202608,MCI,True,4
2120,4,202609,FUL,True,2
2120,5,202610,mun,False,4
2121,1,202605,mci,False,5
2121,2,202606,BHA,True,2
2121,3,202607,bou,False,3
2121,4,202608,LEE,True,2
2121,5,202609,cov,False,2
2122,1,202605,LIV,True,4
2122,2,202606,che,False,4
2122,3,202607,SUN,True,2
2122,4,202608,mun,False,4
2122,5,202609,LEE,True,2
2123,1,202606,sun,False,3
2123,2,202607,CRY,True,3
2123,3,202608,liv,False,4
2123,4,202609,mci,False,5
2123,5,202610,BRE,True,3
2124,1,202605,SUN,True,2
2124,2,202606,liv,False,4
2124,3,202607,IPS,True,2
2124,4,202608,avl,False,4
2124,5,202609,BHA,True,2
2125,1,202605,mci,False,5
2125,2,202606,BHA,True,2
2125,3,202607,bou,False,3
2125,4,202608,LEE,True,2
2125,5,202609,cov,False,2
2126,1,202606,BRE,True,3
2126,2,202607,new,False,3
2126,3,202608,MCI,True,4
2126,4,202609,FUL,True,2
2126,5,202610,mun,False,4
2127,1,202606,EVE,True,3
2127,2,202607,ful,False,3
2127,3,202608,BRE,True,3
2127,4,202609,IPS,True,2
2127,5,202610,ars,False,5
2128,1,202606,FUL,True,2
2128,2,202607,mci,False,5
2128,3,202608,NFO,True,3
2128,4,202609,hul,False,2
2128,5,202610,BOU,True,3
2129,1,202605,SUN,True,2
2129,2,202606,liv,False,4
2129,3,202607,IPS,True,2
2129,4,202608,avl,False,4
2129,5,202609,BHA,True,2
2130,1,202606,NEW,True,2
2130,2,202607,tot,False,3
2130,3,202608,FUL,True,2
2130,4,202609,SUN,True,2
2130,5,202610,eve,False,3
2131,1,202605,MUN,True,4
2131,2,202606,ips,False,2
2131,3,202607,HUL,True,2
2131,4,202608,cov,False,2
2131,5,202609,avl,False,4
2132,1,202605,CRY,True,3
2132,2,202606,ars,False,5
2132,3,202607,MUN,True,4
2132,4,202608,sun,False,3
2132,5,202609,bou,False,3
2133,1,202605,bou,False,3
2133,2,202606,MCI,True,4
2133,3,202607,bre,False,3
2133,4,202608,BHA,True,2
2133,5,202609,ARS,True,4
2134,1,202605,SUN,True,2
2134,2,202606,liv,False,4
2134,3,202607,IPS,True,2
2134,4,202608,avl,False,4
2134,5,202609,BHA,True,2
2135,1,202606,BRE,True,3
2135,2,202607,new,False,3
2135,3,202608,MCI,True,4
2135,4,202609,FUL,True,2
2135,5,202610,mun,False,4
2136,1,202606,BRE,True,3
2136,2,202607,new,False,3
2136,3,202608,MCI,True,4
2136,4,202609,FUL,True,2
2136,5,202610,mun,False,4
2137,1,202606,sun,False,3
2137,2,202607,CRY,True,3
2137,3,202608,liv,False,4
2137,4,202609,mci,False,5
2137,5,202610,BRE,True,3
2138,1,202605,lee,False,3
2138,2,202606,NFO,True,3
2138,3,202607,bha,False,3
2138,4,202608,NEW,True,2
2138,5,202609,tot,False,3
2139,1,202605,lee,False,3
2139,2,202606,NFO,True,3
2139,3,202607,bha,False,3
2139,4,202608,NEW,True,2
2139,5,202609,tot,False,3
2140,1,202605,lee,False,3
2140,2,202606,NFO,True,3
2140,3,202607,bha,False,3
2140,4,202608,NEW,True,2
2140,5,202609,tot,False,3
2141,1,202605,MUN,True,4
2141,2,202606,ips,False,2
2141,3,202607,HUL,True,2
2141,4,202608,cov,False,2
2141,5,202609,avl,False,4
2142,1,202605,MUN,True,4
2142,2,202606,ips,False,2
2142,3,202607,HUL,True,2
2142,4,202608,cov,False,2
2142,5,202609,avl,False,4
2143,1,202605,MUN,True,4
2143,2,202606,ips,False,2
2143,3,202607,HUL,True,2
2143,4,202608,cov,False,2
2143,5,202609,avl,False,4
2144,1,202606,EVE,True,3
2144,2,202607,ful,False,3
2144,3,202608,BRE,True,3
2144,4,202609,IPS,True,2
2144,5,202610,ars,False,5
2145,1,202606,EVE,True,3
2145,2,202607,ful,False,3
2145,3,202608,BRE,True,3
2145,4,202609,IPS,True,2
2145,5,202610,ars,False,5
2146,1,202606,EVE,True,3
2146,2,202607,ful,False,3
2146,3,202608,BRE,True,3
2146,4,202609,IPS,True,2
2146,5,202610,ars,False,5
2147,1,202606,EVE,True,3
2147,2,202607,ful,False,3
2147,3,202608,BRE,True,3
2147,4,202609,IPS,True,2
2147,5,202610,ars,False,5
2148,1,202606,EVE,True,3
2148,2,202607,ful,False,3
2148,3,202608,BRE,True,3
2148,4,202609,IPS,True,2
2148,5,202610,ars,False,5
2149,1,202605,CRY,True,3
2149,2,202606,ars,False,5
2149,3,202607,MUN,True,4
2149,4,202608,sun,False,3
2149,5,202609,bou,False,3
2150,1,202605,CRY,True,3
2150,2,202606,ars,False,5
2150,3,202607,MUN,True,4
2150,4,202608,sun,False,3
2150,5,202609,bou,False,3
2151,1,202606,cov,False,2
2151,2,202607,AVL,True,3
2151,3,202608,cry,False,3
2151,4,202609,EVE,True,3
2151,5,202610,ful,False,3
2152,1,202605,mci,False,5
2152,2,202606,BHA,True,2
2152,3,202607,bou,False,3
2152,4,202608,LEE,True,2
2152,5,202609,cov,False,2
2153,1,202605,mci,False,5
2153,2,202606,BHA,True,2
2153,3,202607,bou,False,3
2153,4,202608,LEE,True,2
2153,5,202609,cov,False,2
2154,1,202606,sun,False,3
2154,2,202607,CRY,True,3
2154,3,202608,liv,False,4
2154,4,202609,mci,False,5
2154,5,202610,BRE,True,3
2155,1,202605,SUN,True,2
2155,2,202606,liv,False,4
2155,3,202607,IPS,True,2
2155,4,202608,avl,False,4
2155,5,202609,BHA,True,2
2156,1,202606,NEW,True,2
2156,2,202607,tot,False,3
2156,3,202608,FUL,True,2
2156,4,202609,SUN,True,2
2156,5,202610,eve,False,3
2157,1,202606,sun,False,3
2157,2,202607,CRY,True,3
2157,3,202608,liv,False,4
2157,4,202609,mci,False,5
2157,5,202610,BRE,True,3
2158,1,202606,cov,False,2
2158,2,202607,AVL,True,3
2158,3,202608,cry,False,3
2158,4,202609,EVE,True,3
2158,5,202610,ful,False,3
2159,1,202606,BOU,True,3
2159,2,202607,eve,False,3
2159,3,202608,TOT,True,3
2159,4,202609,MUN,True,4
2159,5,202610,sun,False,3
2160,1,202606,cov,False,2
2160,2,202607,AVL,True,3
2160,3,202608,cry,False,3
2160,4,202609,EVE,True,3
2160,5,202610,ful,False,3
2161,1,202606,cov,False,2
2161,2,202607,AVL,True,3
2161,3,202608,cry,False,3
2161,4,202609,EVE,True,3
2161,5,202610,ful,False,3
2162,1,202606,cov,False,2
2162,2,202607,AVL,True,3
2162,3,202608,cry,False,3
2162,4,202609,EVE,True,3
2162,5,202610,ful,False,3
