model_name,player_id,gw_id,horizon,team_id,position_id,fixture_count,has_fixture,mean_difficulty,home_fixture_count,p_any,p_60,expected_minutes,predicted_points,predicted_at,data_through_gw_id
blend_2stage,230,202606,1,1,3,1,1,2.0,1,0.9636,0.917,69.94,6.14,2026-09-20,202604
blend_2stage,225,202606,1,17,3,1,1,3.0,1,0.9668,0.952,71.77,5.772,2026-09-20,202604
blend_2stage,555,202606,1,1,2,1,1,2.0,1,0.9589,0.8925,68.6,5.451,2026-09-20,202604
blend_2stage,483,202606,1,16,4,1,1,4.0,0,0.9696,0.9517,71.82,5.381,2026-09-20,202604
blend_2stage,1121,202606,1,1,3,1,1,2.0,1,0.9495,0.8439,65.93,5.015,2026-09-20,202604
blend_2stage,385,202606,1,1,1,1,1,2.0,1,0.9724,0.9466,71.64,4.696,2026-09-20,202604
blend_2stage,1236,202606,1,7,3,1,1,3.0,1,0.978,0.9475,71.83,4.692,2026-09-20,202604
blend_2stage,229,202606,1,17,3,1,1,3.0,1,0.9638,0.9262,70.4,4.663,2026-09-20,202604
blend_2stage,914,202606,1,1,4,1,1,2.0,1,0.9474,0.8208,64.72,4.66,2026-09-20,202604
blend_2stage,886,202606,1,7,4,1,1,3.0,1,0.9725,0.9493,71.78,4.659,2026-09-20,202604
blend_2stage,319,202606,1,7,3,1,1,3.0,1,0.9551,0.9121,69.48,4.596,2026-09-20,202604
blend_2stage,391,202606,1,1,3,1,1,2.0,1,0.9535,0.8489,66.28,4.563,2026-09-20,202604
blend_2stage,1235,202606,1,20,3,1,1,3.0,0,0.9688,0.9309,70.76,4.51,2026-09-20,202604
blend_2stage,1412,202606,1,1,2,1,1,2.0,1,0.9158,0.8023,63.01,4.428,2026-09-20,202604
blend_2stage,1949,202606,1,28,3,1,1,2.0,1,0.9651,0.9139,69.82,4.385,2026-09-20,202604
blend_2stage,734,202606,1,9,2,1,1,2.0,0,0.9657,0.9377,71.03,4.367,2026-09-20,202604
blend_2stage,958,202606,1,9,3,1,1,2.0,0,0.9635,0.9103,69.61,4.199,2026-09-20,202604
blend_2stage,61,202606,1,14,4,1,1,4.0,1,0.9515,0.845,66.04,4.102,2026-09-20,202604
blend_2stage,1967,202606,1,28,2,1,1,2.0,1,0.9345,0.8779,67.26,4.031,2026-09-20,202604
blend_2stage,122,202606,1,16,3,1,1,4.0,0,0.9681,0.8989,69.15,4.026,2026-09-20,202604
blend_2stage,1853,202606,1,9,4,1,1,2.0,0,0.9506,0.8385,65.69,4.015,2026-09-20,202604
blend_2stage,616,202606,1,18,3,1,1,2.0,0,0.968,0.9069,69.55,4.011,2026-09-20,202604
blend_2stage,842,202606,1,9,1,1,1,2.0,0,0.9689,0.9575,72.1,3.966,2026-09-20,202604
blend_2stage,1144,202606,1,17,3,1,1,3.0,1,0.9423,0.7841,62.76,3.95,2026-09-20,202604
blend_2stage,751,202606,1,9,2,1,1,2.0,0,0.9451,0.8953,68.39,3.92,2026-09-20,202604
blend_2stage,2058,202606,1,8,2,1,1,3.0,1,0.9528,0.9017,68.9,3.912,2026-09-20,202604
blend_2stage,1732,202606,1,18,4,1,1,2.0,0,0.9532,0.8378,65.72,3.89,2026-09-20,202604
blend_2stage,989,202606,1,11,2,1,1,2.0,1,0.9641,0.9299,70.59,3.873,2026-09-20,202604
blend_2stage,430,202606,1,14,3,1,1,4.0,1,0.9807,0.9455,71.79,3.873,2026-09-20,202604
blend_2stage,583,202606,1,28,3,1,1,2.0,1,0.968,0.9339,70.9,3.833,2026-09-20,202604
blend_2stage,1678,202606,1,9,2,1,1,2.0,0,0.9644,0.936,70.91,3.828,2026-09-20,202604
blend_2stage,309,202606,1,1,3,1,1,2.0,1,0.9197,0.7462,60.3,3.799,2026-09-20,202604
blend_2stage,643,202606,1,4,4,1,1,4.0,0,0.9464,0.8626,66.79,3.772,2026-09-20,202604
blend_2stage,865,202606,1,10,3,1,1,2.0,0,0.951,0.8369,65.62,3.757,2026-09-20,202604
blend_2stage,1108,202606,1,3,3,1,1,4.0,0,0.9592,0.8841,68.19,3.753,2026-09-20,202604
blend_2stage,1819,202606,1,5,2,1,1,3.0,0,0.9653,0.8792,68.09,3.731,2026-09-20,202604
blend_2stage,1349,202606,1,5,3,1,1,3.0,0,0.9736,0.948,71.74,3.721,2026-09-20,202604
blend_2stage,895,202606,1,11,3,1,1,2.0,1,0.9417,0.8606,66.57,3.718,2026-09-20,202604
blend_2stage,948,202606,1,4,3,1,1,4.0,0,0.968,0.9283,70.62,3.702,2026-09-20,202604
blend_2stage,1363,202606,1,7,3,1,1,3.0,1,0.9483,0.7557,61.49,3.696,2026-09-20,202604
blend_2stage,1677,202606,1,14,2,1,1,4.0,1,0.971,0.9488,71.72,3.681,2026-09-20,202604
blend_2stage,532,202606,1,3,4,1,1,4.0,0,0.9692,0.8968,69.07,3.663,2026-09-20,202604
blend_2stage,1089,202606,1,16,2,1,1,4.0,0,0.9658,0.9372,71.01,3.657,2026-09-20,202604
blend_2stage,1242,202606,1,20,2,1,1,3.0,0,0.9481,0.9053,68.97,3.653,2026-09-20,202604
blend_2stage,1270,202606,1,20,2,1,1,3.0,0,0.9689,0.9254,70.49,3.644,2026-09-20,202604
blend_2stage,1005,202606,1,18,2,1,1,2.0,0,0.9535,0.9104,69.36,3.619,2026-09-20,202604
blend_2stage,888,202606,1,16,2,1,1,4.0,0,0.9559,0.9017,68.98,3.601,2026-09-20,202604
blend_2stage,1965,202606,1,28,1,1,1,2.0,1,0.9468,0.9309,70.21,3.595,2026-09-20,202604
blend_2stage,58,202606,1,3,3,1,1,4.0,0,0.9693,0.9196,70.21,3.59,2026-09-20,202604
blend_2stage,963,202606,1,17,3,1,1,3.0,1,0.9617,0.8502,66.55,3.555,2026-09-20,202604
blend_2stage,2061,202606,1,10,4,1,1,2.0,0,0.9228,0.7719,61.66,3.549,2026-09-20,202604
blend_2stage,1886,202606,1,14,3,1,1,4.0,1,0.9579,0.8752,67.7,3.522,2026-09-20,202604
blend_2stage,1664,202606,1,8,2,1,1,3.0,1,0.9522,0.8538,66.5,3.508,2026-09-20,202604
blend_2stage,1176,202606,1,20,1,1,1,3.0,0,0.953,0.9279,70.22,3.454,2026-09-20,202604
blend_2stage,196,202606,1,10,1,1,1,2.0,0,0.9753,0.963,72.53,3.45,2026-09-20,202604
blend_2stage,1969,202606,1,28,4,1,1,2.0,1,0.9378,0.8245,64.67,3.434,2026-09-20,202604
blend_2stage,1566,202606,1,18,2,1,1,2.0,0,0.9324,0.8872,67.67,3.423,2026-09-20,202604
blend_2stage,1914,202606,1,18,2,1,1,2.0,0,0.9383,0.8652,66.72,3.416,2026-09-20,202604
blend_2stage,495,202606,1,1,2,1,1,2.0,1,0.8847,0.8019,62.21,3.38,2026-09-20,202604
blend_2stage,1107,202606,1,17,3,1,1,3.0,1,0.9126,0.6877,57.2,3.361,2026-09-20,202604
blend_2stage,2092,202606,1,11,4,1,1,2.0,1,0.9119,0.7387,59.73,3.359,2026-09-20,202604
blend_2stage,1679,202606,1,4,3,1,1,4.0,0,0.9656,0.9196,70.12,3.343,2026-09-20,202604
blend_2stage,255,202606,1,4,1,1,1,4.0,0,0.9671,0.9544,71.9,3.342,2026-09-20,202604
blend_2stage,1908,202606,1,17,1,1,1,3.0,1,0.9379,0.9104,68.97,3.326,2026-09-20,202604
blend_2stage,408,202606,1,5,3,1,1,3.0,0,0.9541,0.8113,64.42,3.321,2026-09-20,202604
blend_2stage,1470,202606,1,16,2,1,1,4.0,0,0.9639,0.9067,69.43,3.311,2026-09-20,202604
blend_2stage,610,202606,1,17,2,1,1,3.0,1,0.9183,0.8321,64.56,3.297,2026-09-20,202604
blend_2stage,2110,202606,1,18,1,1,1,2.0,0,0.9446,0.9324,70.24,3.292,2026-09-20,202604
blend_2stage,1353,202606,1,17,3,1,1,3.0,1,0.9393,0.7291,59.93,3.29,2026-09-20,202604
blend_2stage,456,202606,1,16,3,1,1,4.0,0,0.9686,0.8978,69.1,3.284,2026-09-20,202604
blend_2stage,341,202606,1,8,3,1,1,3.0,1,0.9545,0.9002,68.87,3.282,2026-09-20,202604
blend_2stage,720,202606,1,9,3,1,1,2.0,0,0.9621,0.8298,65.54,3.271,2026-09-20,202604
blend_2stage,818,202606,1,30,2,1,1,3.0,1,0.9402,0.8998,68.49,3.262,2026-09-20,202604
blend_2stage,1936,202606,1,28,2,1,1,2.0,1,0.9384,0.8458,65.75,3.254,2026-09-20,202604
blend_2stage,823,202606,1,2,3,1,1,3.0,1,0.958,0.8842,68.16,3.239,2026-09-20,202604
blend_2stage,318,202606,1,14,3,1,1,4.0,1,0.8653,0.575,50.38,3.224,2026-09-20,202604
blend_2stage,413,202606,1,17,2,1,1,3.0,1,0.9275,0.8134,63.86,3.204,2026-09-20,202604
blend_2stage,971,202606,1,4,2,1,1,4.0,0,0.9296,0.8547,65.97,3.203,2026-09-20,202604
blend_2stage,247,202606,1,10,2,1,1,2.0,0,0.9555,0.9213,69.95,3.201,2026-09-20,202604
blend_2stage,908,202606,1,8,4,1,1,3.0,1,0.9484,0.8309,65.26,3.192,2026-09-20,202604
blend_2stage,47,202606,1,10,3,1,1,2.0,0,0.9436,0.8119,64.19,3.185,2026-09-20,202604
blend_2stage,600,202606,1,9,3,1,1,2.0,0,0.9332,0.8309,64.88,3.177,2026-09-20,202604
blend_2stage,425,202606,1,12,4,1,1,5.0,0,0.961,0.8638,67.22,3.174,2026-09-20,202604
blend_2stage,208,202606,1,29,2,1,1,2.0,1,0.9221,0.8571,65.91,3.171,2026-09-20,202604
blend_2stage,1793,202606,1,3,2,1,1,4.0,0,0.9575,0.9336,70.62,3.167,2026-09-20,202604
blend_2stage,1899,202606,1,16,1,1,1,4.0,0,0.9669,0.9436,71.35,3.167,2026-09-20,202604
blend_2stage,1923,202606,1,20,3,1,1,3.0,0,0.9154,0.662,55.99,3.162,2026-09-20,202604
blend_2stage,2113,202606,1,20,3,1,1,3.0,0,0.9316,0.839,65.24,3.16,2026-09-20,202604
blend_2stage,2083,202606,1,30,1,1,1,3.0,1,0.9425,0.932,70.16,3.158,2026-09-20,202604
blend_2stage,725,202606,1,20,3,1,1,3.0,0,0.9371,0.8068,63.77,3.149,2026-09-20,202604
blend_2stage,466,202606,1,7,1,1,1,3.0,1,0.9146,0.8885,67.29,3.144,2026-09-20,202604
blend_2stage,123,202606,1,10,2,1,1,2.0,0,0.9517,0.8873,68.16,3.139,2026-09-20,202604
blend_2stage,1332,202606,1,10,3,1,1,2.0,0,0.9188,0.6287,54.41,3.133,2026-09-20,202604
blend_2stage,75,202606,1,14,1,1,1,4.0,1,0.9658,0.951,71.69,3.114,2026-09-20,202604
blend_2stage,1531,202606,1,10,3,1,1,2.0,0,0.9435,0.8348,65.33,3.11,2026-09-20,202604
blend_2stage,39,202606,1,9,2,1,1,2.0,0,0.9023,0.7103,58.07,3.107,2026-09-20,202604
blend_2stage,1014,202606,1,20,4,1,1,3.0,0,0.9364,0.7428,60.55,3.098,2026-09-20,202604
blend_2stage,2067,202606,1,30,2,1,1,3.0,1,0.9276,0.8676,66.57,3.094,2026-09-20,202604
blend_2stage,476,202606,1,16,3,1,1,4.0,0,0.9355,0.7662,61.7,3.085,2026-09-20,202604
blend_2stage,1462,202606,1,30,2,1,1,3.0,1,0.9575,0.9216,70.02,3.08,2026-09-20,202604
blend_2stage,293,202606,1,8,2,1,1,3.0,1,0.9294,0.8685,66.66,3.076,2026-09-20,202604
blend_2stage,1807,202606,1,3,3,1,1,4.0,0,0.9245,0.7113,58.67,3.069,2026-09-20,202604
blend_2stage,1618,202606,1,10,2,1,1,2.0,0,0.9212,0.759,60.98,3.068,2026-09-20,202604
blend_2stage,2117,202606,1,2,1,1,1,3.0,1,0.9177,0.8962,67.75,3.068,2026-09-20,202604
blend_2stage,2021,202606,1,3,2,1,1,4.0,0,0.9416,0.8673,66.9,3.063,2026-09-20,202604
blend_2stage,2024,202606,1,4,3,1,1,4.0,0,0.9237,0.7591,61.05,3.053,2026-09-20,202604
blend_2stage,160,202606,1,5,1,1,1,3.0,0,0.9706,0.9628,72.41,3.052,2026-09-20,202604
blend_2stage,1895,202606,1,16,3,1,1,4.0,0,0.8459,0.525,47.4,3.043,2026-09-20,202604
blend_2stage,2079,202606,1,30,4,1,1,3.0,1,0.9371,0.8124,64.05,3.025,2026-09-20,202604
blend_2stage,1019,202606,1,17,2,1,1,3.0,1,0.8867,0.8143,62.88,3.012,2026-09-20,202604
blend_2stage,636,202606,1,2,2,1,1,3.0,1,0.9091,0.8274,64.1,3.003,2026-09-20,202604
blend_2stage,745,202606,1,23,2,1,1,4.0,0,0.9771,0.9428,71.57,2.997,2026-09-20,202604
blend_2stage,1953,202606,1,28,3,1,1,2.0,1,0.9436,0.8806,67.62,2.982,2026-09-20,202604
blend_2stage,1499,202606,1,10,3,1,1,2.0,0,0.9457,0.8685,67.07,2.961,2026-09-20,202604
blend_2stage,905,202606,1,3,3,1,1,4.0,0,0.937,0.7417,60.51,2.96,2026-09-20,202604
blend_2stage,1734,202606,1,17,3,1,1,3.0,1,0.9091,0.6726,56.36,2.946,2026-09-20,202604
blend_2stage,1665,202606,1,9,3,1,1,2.0,0,0.9098,0.6365,54.57,2.945,2026-09-20,202604
blend_2stage,721,202606,1,3,2,1,1,4.0,0,0.9409,0.8499,66.01,2.939,2026-09-20,202604
blend_2stage,1004,202606,1,5,2,1,1,3.0,0,0.9651,0.9488,71.57,2.921,2026-09-20,202604
blend_2stage,24,202606,1,8,3,1,1,3.0,1,0.9298,0.7972,63.1,2.913,2026-09-20,202604
blend_2stage,1825,202606,1,5,4,1,1,3.0,0,0.9539,0.7924,63.47,2.883,2026-09-20,202604
blend_2stage,191,202606,1,1,2,1,1,2.0,1,0.7185,0.5608,46.0,2.88,2026-09-20,202604
blend_2stage,2143,202606,1,10,2,1,1,2.0,0,0.8979,0.8296,63.93,2.871,2026-09-20,202604
blend_2stage,933,202606,1,4,3,1,1,4.0,0,0.8753,0.6882,56.29,2.863,2026-09-20,202604
blend_2stage,2075,202606,1,30,3,1,1,3.0,1,0.9471,0.8735,67.35,2.861,2026-09-20,202604
blend_2stage,372,202606,1,11,2,1,1,2.0,1,0.919,0.8246,64.21,2.847,2026-09-20,202604
blend_2stage,1672,202606,1,2,2,1,1,3.0,1,0.9217,0.8733,66.71,2.825,2026-09-20,202604
blend_2stage,1306,202606,1,20,2,1,1,3.0,0,0.8988,0.7824,61.59,2.82,2026-09-20,202604
blend_2stage,2115,202606,1,28,2,1,1,2.0,1,0.8601,0.6857,55.79,2.818,2026-09-20,202604
blend_2stage,2043,202606,1,29,3,1,1,2.0,1,0.9253,0.5696,51.61,2.803,2026-09-20,202604
blend_2stage,2101,202606,1,14,2,1,1,4.0,1,0.9579,0.9077,69.33,2.798,2026-09-20,202604
blend_2stage,1397,202606,1,7,2,1,1,3.0,1,0.874,0.7602,59.86,2.795,2026-09-20,202604
blend_2stage,2139,202606,1,8,3,1,1,3.0,1,0.9368,0.8429,65.56,2.769,2026-09-20,202604
blend_2stage,1944,202606,1,28,2,1,1,2.0,1,0.893,0.7866,61.66,2.761,2026-09-20,202604
blend_2stage,1978,202606,1,5,2,1,1,3.0,0,0.9159,0.8284,64.32,2.757,2026-09-20,202604
blend_2stage,2128,202606,1,11,3,1,1,2.0,1,0.9308,0.7804,62.29,2.753,2026-09-20,202604
blend_2stage,1142,202606,1,16,2,1,1,4.0,0,0.9166,0.8359,64.71,2.752,2026-09-20,202604
blend_2stage,962,202606,1,11,1,1,1,2.0,1,0.9083,0.8677,66.09,2.742,2026-09-20,202604
blend_2stage,943,202606,1,28,2,1,1,2.0,1,0.8715,0.7984,61.71,2.727,2026-09-20,202604
blend_2stage,227,202606,1,1,3,1,1,2.0,1,0.8527,0.4361,43.12,2.714,2026-09-20,202604
blend_2stage,1755,202606,1,3,1,1,1,4.0,0,0.9256,0.9256,69.42,2.696,2026-09-20,202604
blend_2stage,1726,202606,1,5,3,1,1,3.0,0,0.9416,0.7973,63.41,2.685,2026-09-20,202604
blend_2stage,1007,202606,1,18,3,1,1,2.0,0,0.9072,0.667,56.03,2.683,2026-09-20,202604
blend_2stage,126,202606,1,23,1,1,1,4.0,0,0.9538,0.9245,70.07,2.679,2026-09-20,202604
blend_2stage,1875,202606,1,12,3,1,1,5.0,0,0.9612,0.8502,66.54,2.679,2026-09-20,202604
blend_2stage,363,202606,1,20,2,1,1,3.0,0,0.8752,0.6581,54.78,2.661,2026-09-20,202604
blend_2stage,661,202606,1,11,2,1,1,2.0,1,0.9066,0.8446,64.9,2.648,2026-09-20,202604
blend_2stage,2036,202606,1,29,2,1,1,2.0,1,0.9152,0.8449,65.12,2.641,2026-09-20,202604
blend_2stage,1507,202606,1,11,3,1,1,2.0,1,0.9063,0.7747,61.39,2.621,2026-09-20,202604
blend_2stage,2072,202606,1,30,3,1,1,3.0,1,0.8899,0.7747,60.98,2.617,2026-09-20,202604
blend_2stage,1817,202606,1,5,2,1,1,3.0,0,0.9249,0.8192,64.08,2.609,2026-09-20,202604
blend_2stage,209,202606,1,2,3,1,1,3.0,1,0.9479,0.8845,67.92,2.608,2026-09-20,202604
blend_2stage,222,202606,1,9,3,1,1,2.0,0,0.915,0.5473,50.24,2.602,2026-09-20,202604
blend_2stage,1445,202606,1,7,3,1,1,3.0,1,0.8782,0.5669,50.3,2.583,2026-09-20,202604
blend_2stage,1500,202606,1,23,3,1,1,4.0,0,0.9504,0.8546,66.49,2.583,2026-09-20,202604
blend_2stage,2042,202606,1,29,2,1,1,2.0,1,0.8908,0.8111,62.83,2.564,2026-09-20,202604
blend_2stage,12,202606,1,11,3,1,1,2.0,1,0.8732,0.6372,53.69,2.562,2026-09-20,202604
blend_2stage,2037,202606,1,29,2,1,1,2.0,1,0.903,0.826,63.87,2.557,2026-09-20,202604
blend_2stage,488,202606,1,29,2,1,1,2.0,1,0.8194,0.6819,54.58,2.557,2026-09-20,202604
blend_2stage,1974,202606,1,28,3,1,1,2.0,1,0.8692,0.5695,50.2,2.556,2026-09-20,202604
blend_2stage,1787,202606,1,11,4,1,1,2.0,1,0.8774,0.4082,42.35,2.539,2026-09-20,202604
blend_2stage,1324,202606,1,23,4,1,1,4.0,0,0.9016,0.6599,55.53,2.532,2026-09-20,202604
blend_2stage,256,202606,1,29,1,1,1,2.0,1,0.8583,0.8404,63.48,2.531,2026-09-20,202604
blend_2stage,464,202606,1,2,3,1,1,3.0,1,0.8857,0.5242,48.35,2.515,2026-09-20,202604
blend_2stage,2133,202606,1,14,3,1,1,4.0,1,0.9017,0.5275,48.92,2.507,2026-09-20,202604
blend_2stage,484,202606,1,12,3,1,1,5.0,0,0.968,0.9226,70.33,2.503,2026-09-20,202604
blend_2stage,2104,202606,1,14,2,1,1,4.0,1,0.8948,0.7113,57.93,2.503,2026-09-20,202604
blend_2stage,1922,202606,1,20,4,1,1,3.0,0,0.8512,0.3641,39.49,2.487,2026-09-20,202604
blend_2stage,1213,202606,1,23,2,1,1,4.0,0,0.9536,0.8765,67.67,2.46,2026-09-20,202604
blend_2stage,644,202606,1,16,3,1,1,4.0,0,0.8634,0.5928,51.23,2.455,2026-09-20,202604
blend_2stage,760,202606,1,12,2,1,1,5.0,0,0.9634,0.8733,67.75,2.452,2026-09-20,202604
blend_2stage,2087,202606,1,30,2,1,1,3.0,1,0.7637,0.6103,49.61,2.43,2026-09-20,202604
blend_2stage,1692,202606,1,7,2,1,1,3.0,1,0.8485,0.7022,56.32,2.414,2026-09-20,202604
blend_2stage,1569,202606,1,23,3,1,1,4.0,0,0.9109,0.6542,55.48,2.404,2026-09-20,202604
blend_2stage,2138,202606,1,8,2,1,1,3.0,1,0.8766,0.7653,60.18,2.397,2026-09-20,202604
blend_2stage,902,202606,1,1,2,1,1,2.0,1,0.6669,0.4361,38.48,2.393,2026-09-20,202604
blend_2stage,1845,202606,1,8,3,1,1,3.0,1,0.8279,0.5052,45.96,2.386,2026-09-20,202604
blend_2stage,1820,202606,1,5,2,1,1,3.0,0,0.9397,0.83,64.99,2.37,2026-09-20,202604
blend_2stage,1823,202606,1,5,3,1,1,3.0,0,0.9344,0.7137,59.05,2.367,2026-09-20,202604
blend_2stage,2103,202606,1,14,3,1,1,4.0,1,0.8256,0.5214,46.71,2.351,2026-09-20,202604
blend_2stage,98,202606,1,23,2,1,1,4.0,0,0.9213,0.7805,62.06,2.346,2026-09-20,202604
blend_2stage,1079,202606,1,7,2,1,1,3.0,1,0.8337,0.6216,51.92,2.345,2026-09-20,202604
blend_2stage,810,202606,1,18,3,1,1,2.0,0,0.8161,0.3976,40.28,2.343,2026-09-20,202604
blend_2stage,736,202606,1,12,1,1,1,5.0,0,0.945,0.9326,70.26,2.319,2026-09-20,202604
blend_2stage,669,202606,1,11,3,1,1,2.0,1,0.8523,0.4482,43.72,2.309,2026-09-20,202604
blend_2stage,1655,202606,1,3,3,1,1,4.0,0,0.9137,0.6945,57.57,2.307,2026-09-20,202604
blend_2stage,1449,202606,1,2,3,1,1,3.0,1,0.8895,0.6141,52.94,2.294,2026-09-20,202604
blend_2stage,2068,202606,1,30,2,1,1,3.0,1,0.8755,0.6632,55.05,2.288,2026-09-20,202604
blend_2stage,1993,202606,1,2,2,1,1,3.0,1,0.8158,0.6275,51.77,2.283,2026-09-20,202604
blend_2stage,1877,202606,1,12,3,1,1,5.0,0,0.9425,0.732,60.16,2.282,2026-09-20,202604
blend_2stage,2114,202606,1,20,2,1,1,3.0,0,0.8029,0.553,47.72,2.276,2026-09-20,202604
blend_2stage,2044,202606,1,29,3,1,1,2.0,1,0.9108,0.7727,61.41,2.27,2026-09-20,202604
blend_2stage,692,202606,1,11,2,1,1,2.0,1,0.8388,0.7705,59.5,2.269,2026-09-20,202604
blend_2stage,1907,202606,1,17,4,1,1,3.0,1,0.8549,0.2833,35.54,2.256,2026-09-20,202604
blend_2stage,2023,202606,1,4,2,1,1,4.0,0,0.8578,0.6761,55.25,2.252,2026-09-20,202604
blend_2stage,1463,202606,1,14,3,1,1,4.0,1,0.8252,0.5616,48.71,2.231,2026-09-20,202604
blend_2stage,1960,202606,1,28,4,1,1,2.0,1,0.8722,0.239,33.75,2.212,2026-09-20,202604
blend_2stage,1431,202606,1,23,3,1,1,4.0,0,0.8712,0.6383,53.7,2.201,2026-09-20,202604
blend_2stage,1840,202606,1,8,1,1,1,3.0,1,0.6863,0.6732,50.81,2.191,2026-09-20,202604
blend_2stage,22,202606,1,3,2,1,1,4.0,0,0.9015,0.8057,62.82,2.183,2026-09-20,202604
blend_2stage,722,202606,1,12,2,1,1,5.0,0,0.9445,0.8939,68.31,2.183,2026-09-20,202604
blend_2stage,1244,202606,1,1,3,1,1,2.0,1,0.7233,0.4113,38.65,2.183,2026-09-20,202604
blend_2stage,2099,202606,1,12,2,1,1,5.0,0,0.9545,0.925,70.11,2.175,2026-09-20,202604
blend_2stage,1575,202606,1,29,4,1,1,2.0,1,0.7021,0.3767,36.38,2.149,2026-09-20,202604
blend_2stage,2111,202606,1,18,2,1,1,2.0,0,0.7141,0.5883,47.27,2.141,2026-09-20,202604
blend_2stage,65,202606,1,14,3,1,1,4.0,1,0.8252,0.5123,46.24,2.135,2026-09-20,202604
blend_2stage,1666,202606,1,2,2,1,1,3.0,1,0.8074,0.541,47.24,2.125,2026-09-20,202604
blend_2stage,702,202606,1,4,3,1,1,4.0,0,0.8577,0.4454,43.71,2.094,2026-09-20,202604
blend_2stage,1202,202606,1,4,2,1,1,4.0,0,0.7901,0.5016,44.83,2.08,2026-09-20,202604
blend_2stage,1136,202606,1,23,3,1,1,4.0,0,0.8902,0.525,48.5,2.061,2026-09-20,202604
blend_2stage,1279,202606,1,2,4,1,1,3.0,1,0.7233,0.3329,34.73,2.055,2026-09-20,202604
blend_2stage,999,202606,1,7,2,1,1,3.0,1,0.7265,0.6167,49.0,2.052,2026-09-20,202604
blend_2stage,1187,202606,1,7,2,1,1,3.0,1,0.7108,0.4452,40.03,2.043,2026-09-20,202604
blend_2stage,1220,202606,1,4,3,1,1,4.0,0,0.8722,0.4932,46.46,2.025,2026-09-20,202604
blend_2stage,1774,202606,1,2,3,1,1,3.0,1,0.8258,0.3663,38.96,1.976,2026-09-20,202604
blend_2stage,1287,202606,1,20,2,1,1,3.0,0,0.627,0.4221,36.78,1.968,2026-09-20,202604
blend_2stage,2046,202606,1,29,3,1,1,2.0,1,0.7728,0.3723,37.94,1.934,2026-09-20,202604
blend_2stage,2107,202606,1,18,3,1,1,2.0,0,0.8192,0.2704,34.0,1.906,2026-09-20,202604
blend_2stage,2119,202606,1,12,2,1,1,5.0,0,0.9013,0.828,63.93,1.904,2026-09-20,202604
blend_2stage,1870,202606,1,12,3,1,1,5.0,0,0.9188,0.6467,55.31,1.877,2026-09-20,202604
blend_2stage,350,202606,1,4,3,1,1,4.0,0,0.823,0.384,39.78,1.859,2026-09-20,202604
blend_2stage,2097,202606,1,11,3,1,1,2.0,1,0.7867,0.3514,37.24,1.855,2026-09-20,202604
blend_2stage,1221,202606,1,14,2,1,1,4.0,1,0.7535,0.5737,47.52,1.849,2026-09-20,202604
blend_2stage,129,202606,1,23,3,1,1,4.0,0,0.8668,0.589,51.12,1.84,2026-09-20,202604
blend_2stage,2108,202606,1,18,3,1,1,2.0,0,0.843,0.4437,43.26,1.831,2026-09-20,202604
blend_2stage,1757,202606,1,1,3,1,1,2.0,1,0.7792,0.2014,29.55,1.825,2026-09-20,202604
blend_2stage,693,202606,1,18,3,1,1,2.0,0,0.7653,0.3156,34.91,1.825,2026-09-20,202604
blend_2stage,2151,202606,1,18,4,1,1,2.0,0,0.7673,0.3482,36.59,1.787,2026-09-20,202604
blend_2stage,538,202606,1,29,3,1,1,2.0,1,0.8225,0.421,41.61,1.783,2026-09-20,202604
blend_2stage,1729,202606,1,4,3,1,1,4.0,0,0.8659,0.4521,44.25,1.771,2026-09-20,202604
blend_2stage,1370,202606,1,16,3,1,1,4.0,0,0.6506,0.349,33.71,1.771,2026-09-20,202604
blend_2stage,673,202606,1,9,3,1,1,2.0,0,0.804,0.236,31.9,1.755,2026-09-20,202604
blend_2stage,1150,202606,1,23,3,1,1,4.0,0,0.8162,0.4062,40.72,1.745,2026-09-20,202604
blend_2stage,1866,202606,1,12,2,1,1,5.0,0,0.8705,0.7192,57.72,1.709,2026-09-20,202604
blend_2stage,117,202606,1,18,3,1,1,2.0,0,0.5517,0.306,29.09,1.676,2026-09-20,202604
blend_2stage,2136,202606,1,2,3,1,1,3.0,1,0.7345,0.2738,32.05,1.67,2026-09-20,202604
blend_2stage,2032,202606,1,7,2,1,1,3.0,1,0.7089,0.3122,33.33,1.656,2026-09-20,202604
blend_2stage,1833,202606,1,7,2,1,1,3.0,1,0.6777,0.4223,38.06,1.644,2026-09-20,202604
blend_2stage,1277,202606,1,18,3,1,1,2.0,0,0.7778,0.3068,34.79,1.613,2026-09-20,202604
blend_2stage,439,202606,1,1,3,1,1,2.0,1,0.7122,0.1507,25.34,1.612,2026-09-20,202604
blend_2stage,2060,202606,1,9,3,1,1,2.0,0,0.8176,0.2057,30.73,1.604,2026-09-20,202604
blend_2stage,2147,202606,1,30,3,1,1,3.0,1,0.7932,0.3429,36.97,1.597,2026-09-20,202604
blend_2stage,1770,202606,1,2,3,1,1,3.0,1,0.6901,0.3895,36.73,1.596,2026-09-20,202604
blend_2stage,1980,202606,1,23,4,1,1,4.0,0,0.823,0.2951,35.33,1.592,2026-09-20,202604
blend_2stage,2085,202606,1,30,3,1,1,3.0,1,0.7899,0.4018,39.84,1.576,2026-09-20,202604
blend_2stage,165,202606,1,8,2,1,1,3.0,1,0.7638,0.2204,30.12,1.552,2026-09-20,202604
blend_2stage,2053,202606,1,29,4,1,1,2.0,1,0.7649,0.2272,30.48,1.539,2026-09-20,202604
blend_2stage,1218,202606,1,1,3,1,1,2.0,1,0.7281,0.1069,23.55,1.537,2026-09-20,202604
blend_2stage,2127,202606,1,30,3,1,1,3.0,1,0.8037,0.2311,31.65,1.53,2026-09-20,202604
blend_2stage,4,202606,1,4,2,1,1,4.0,0,0.7689,0.4091,39.68,1.526,2026-09-20,202604
blend_2stage,2056,202606,1,29,3,1,1,2.0,1,0.7709,0.265,32.52,1.47,2026-09-20,202604
blend_2stage,1231,202606,1,23,3,1,1,4.0,0,0.8131,0.2587,33.26,1.468,2026-09-20,202604
blend_2stage,369,202606,1,7,4,1,1,3.0,1,0.7125,0.1727,26.45,1.45,2026-09-20,202604
blend_2stage,1620,202606,1,18,2,1,1,2.0,0,0.7219,0.2632,31.21,1.431,2026-09-20,202604
blend_2stage,1637,202606,1,8,2,1,1,3.0,1,0.6474,0.4138,36.88,1.429,2026-09-20,202604
blend_2stage,2074,202606,1,30,3,1,1,3.0,1,0.7329,0.4285,39.75,1.428,2026-09-20,202604
blend_2stage,1889,202606,1,14,3,1,1,4.0,1,0.7253,0.1422,25.24,1.42,2026-09-20,202604
blend_2stage,1577,202606,1,2,4,1,1,3.0,1,0.6947,0.1949,27.11,1.417,2026-09-20,202604
blend_2stage,1435,202606,1,10,4,1,1,2.0,0,0.7553,0.1224,25.0,1.415,2026-09-20,202604
blend_2stage,941,202606,1,10,2,1,1,2.0,0,0.6039,0.3333,31.76,1.405,2026-09-20,202604
blend_2stage,2152,202606,1,28,3,1,1,2.0,1,0.7449,0.1313,25.19,1.401,2026-09-20,202604
blend_2stage,2137,202606,1,5,3,1,1,3.0,0,0.7835,0.2419,31.68,1.392,2026-09-20,202604
blend_2stage,1829,202606,1,7,3,1,1,3.0,1,0.6729,0.0862,21.14,1.384,2026-09-20,202604
blend_2stage,614,202606,1,12,3,1,1,5.0,0,0.8275,0.3023,35.8,1.366,2026-09-20,202604
blend_2stage,463,202606,1,10,3,1,1,2.0,0,0.7528,0.1507,26.35,1.354,2026-09-20,202604
blend_2stage,1173,202606,1,2,2,1,1,3.0,1,0.5528,0.3479,31.22,1.351,2026-09-20,202604
blend_2stage,2141,202606,1,10,3,1,1,2.0,0,0.7323,0.1208,24.35,1.331,2026-09-20,202604
blend_2stage,1859,202606,1,10,3,1,1,2.0,0,0.7298,0.152,25.84,1.326,2026-09-20,202604
blend_2stage,1357,202606,1,2,2,1,1,3.0,1,0.5693,0.3254,30.5,1.303,2026-09-20,202604
blend_2stage,699,202606,1,11,3,1,1,2.0,1,0.6666,0.1792,25.63,1.281,2026-09-20,202604
blend_2stage,1278,202606,1,16,2,1,1,4.0,0,0.6741,0.2083,27.27,1.268,2026-09-20,202604
blend_2stage,1885,202606,1,14,2,1,1,4.0,1,0.6692,0.2993,31.69,1.265,2026-09-20,202604
blend_2stage,1056,202606,1,17,2,1,1,3.0,1,0.4762,0.2729,25.55,1.253,2026-09-20,202604
blend_2stage,221,202606,1,12,3,1,1,5.0,0,0.7751,0.3026,34.51,1.228,2026-09-20,202604
blend_2stage,149,202606,1,8,2,1,1,3.0,1,0.4528,0.3724,29.94,1.222,2026-09-20,202604
blend_2stage,707,202606,1,9,2,1,1,2.0,0,0.5603,0.242,26.1,1.213,2026-09-20,202604
blend_2stage,1668,202606,1,7,3,1,1,3.0,1,0.6547,0.1435,23.54,1.21,2026-09-20,202604
blend_2stage,2086,202606,1,30,2,1,1,3.0,1,0.6651,0.2767,30.47,1.207,2026-09-20,202604
blend_2stage,1364,202606,1,23,2,1,1,4.0,0,0.5143,0.2994,27.83,1.206,2026-09-20,202604
blend_2stage,2017,202606,1,2,3,1,1,3.0,1,0.6399,0.1786,24.92,1.205,2026-09-20,202604
blend_2stage,2118,202606,1,29,4,1,1,2.0,1,0.6282,0.184,24.91,1.197,2026-09-20,202604
blend_2stage,1990,202606,1,4,2,1,1,4.0,0,0.6602,0.3114,32.07,1.154,2026-09-20,202604
blend_2stage,1458,202606,1,3,3,1,1,4.0,0,0.7529,0.2006,28.85,1.149,2026-09-20,202604
blend_2stage,295,202606,1,20,4,1,1,3.0,0,0.6374,0.0964,20.76,1.125,2026-09-20,202604
blend_2stage,1789,202606,1,11,3,1,1,2.0,1,0.6341,0.1699,24.35,1.117,2026-09-20,202604
blend_2stage,1034,202606,1,23,3,1,1,4.0,0,0.6681,0.2024,26.82,1.11,2026-09-20,202604
blend_2stage,2048,202606,1,29,3,1,1,2.0,1,0.669,0.1126,22.35,1.1,2026-09-20,202604
blend_2stage,2102,202606,1,14,2,1,1,4.0,1,0.5498,0.2579,26.64,1.077,2026-09-20,202604
blend_2stage,1702,202606,1,8,3,1,1,3.0,1,0.6805,0.1667,25.35,1.076,2026-09-20,202604
blend_2stage,638,202606,1,20,3,1,1,3.0,0,0.6135,0.1601,23.34,1.057,2026-09-20,202604
blend_2stage,1937,202606,1,28,2,1,1,2.0,1,0.4244,0.1996,20.59,1.054,2026-09-20,202604
blend_2stage,876,202606,1,17,4,1,1,3.0,1,0.5949,0.0867,19.21,1.053,2026-09-20,202604
blend_2stage,1874,202606,1,12,4,1,1,5.0,0,0.7733,0.1109,24.88,1.043,2026-09-20,202604
blend_2stage,1256,202606,1,4,2,1,1,4.0,0,0.4394,0.2036,21.17,1.024,2026-09-20,202604
blend_2stage,2098,202606,1,11,2,1,1,2.0,1,0.591,0.1451,22.03,1.003,2026-09-20,202604
blend_2stage,1762,202606,1,1,2,1,1,2.0,1,0.4659,0.122,17.75,0.992,2026-09-20,202604
blend_2stage,1614,202606,1,30,3,1,1,3.0,1,0.6484,0.1678,24.6,0.988,2026-09-20,202604
blend_2stage,1758,202606,1,1,2,1,1,2.0,1,0.3093,0.1857,17.02,0.986,2026-09-20,202604
blend_2stage,1920,202606,1,20,2,1,1,3.0,0,0.4185,0.2403,22.48,0.971,2026-09-20,202604
blend_2stage,694,202606,1,18,3,1,1,2.0,0,0.5428,0.0967,18.4,0.967,2026-09-20,202604
blend_2stage,1350,202606,1,5,2,1,1,3.0,0,0.5834,0.231,26.14,0.966,2026-09-20,202604
blend_2stage,1759,202606,1,1,4,1,1,2.0,1,0.418,0.0647,13.68,0.96,2026-09-20,202604
blend_2stage,2025,202606,1,5,2,1,1,3.0,0,0.657,0.1402,23.44,0.945,2026-09-20,202604
blend_2stage,2062,202606,1,10,3,1,1,2.0,0,0.3785,0.1516,17.04,0.945,2026-09-20,202604
blend_2stage,389,202606,1,8,1,1,1,3.0,1,0.3592,0.2502,21.49,0.928,2026-09-20,202604
blend_2stage,637,202606,1,5,3,1,1,3.0,0,0.6603,0.109,21.96,0.925,2026-09-20,202604
blend_2stage,1797,202606,1,3,3,1,1,4.0,0,0.6282,0.0779,19.6,0.925,2026-09-20,202604
blend_2stage,1855,202606,1,9,3,1,1,2.0,0,0.4714,0.2011,21.84,0.921,2026-09-20,202604
blend_2stage,1002,202606,1,3,3,1,1,4.0,0,0.671,0.1393,23.74,0.912,2026-09-20,202604
blend_2stage,2146,202606,1,30,2,1,1,3.0,1,0.5877,0.1832,23.85,0.912,2026-09-20,202604
blend_2stage,723,202606,1,23,3,1,1,4.0,0,0.6019,0.1059,20.34,0.886,2026-09-20,202604
blend_2stage,773,202606,1,8,3,1,1,3.0,1,0.5623,0.121,20.11,0.882,2026-09-20,202604
blend_2stage,1784,202606,1,29,3,1,1,2.0,1,0.4354,0.1233,17.05,0.873,2026-09-20,202604
blend_2stage,378,202606,1,3,3,1,1,4.0,0,0.6221,0.1251,21.81,0.853,2026-09-20,202604
blend_2stage,857,202606,1,7,2,1,1,3.0,1,0.4011,0.1761,18.83,0.837,2026-09-20,202604
blend_2stage,327,202606,1,23,3,1,1,4.0,0,0.4727,0.1928,21.46,0.809,2026-09-20,202604
blend_2stage,2109,202606,1,18,3,1,1,2.0,0,0.5319,0.088,17.7,0.807,2026-09-20,202604
blend_2stage,1293,202606,1,1,3,1,1,2.0,1,0.428,0.0502,13.21,0.804,2026-09-20,202604
blend_2stage,2088,202606,1,30,3,1,1,3.0,1,0.5073,0.1568,20.52,0.799,2026-09-20,202604
blend_2stage,2059,202606,1,8,3,1,1,3.0,1,0.5256,0.091,17.69,0.799,2026-09-20,202604
blend_2stage,402,202606,1,23,2,1,1,4.0,0,0.511,0.1639,20.97,0.796,2026-09-20,202604
blend_2stage,791,202606,1,10,2,1,1,2.0,0,0.3571,0.1944,18.65,0.78,2026-09-20,202604
blend_2stage,458,202606,1,29,4,1,1,2.0,1,0.4569,0.0678,14.82,0.777,2026-09-20,202604
blend_2stage,44,202606,1,2,3,1,1,3.0,1,0.466,0.0696,15.13,0.769,2026-09-20,202604
blend_2stage,2093,202606,1,11,4,1,1,2.0,1,0.4231,0.064,13.78,0.764,2026-09-20,202604
blend_2stage,1467,202606,1,10,2,1,1,2.0,0,0.3856,0.0994,14.61,0.75,2026-09-20,202604
blend_2stage,587,202606,1,29,3,1,1,2.0,1,0.4573,0.069,14.88,0.743,2026-09-20,202604
blend_2stage,1916,202606,1,18,4,1,1,2.0,0,0.3814,0.0601,12.54,0.729,2026-09-20,202604
blend_2stage,992,202606,1,17,2,1,1,3.0,1,0.3567,0.1298,15.41,0.725,2026-09-20,202604
blend_2stage,2145,202606,1,30,4,1,1,3.0,1,0.4973,0.0925,17.06,0.705,2026-09-20,202604
blend_2stage,245,202606,1,4,4,1,1,4.0,0,0.4593,0.0389,13.43,0.704,2026-09-20,202604
blend_2stage,2149,202606,1,12,2,1,1,5.0,0,0.6636,0.1924,26.21,0.702,2026-09-20,202604
blend_2stage,2020,202606,1,3,4,1,1,4.0,0,0.5179,0.051,15.5,0.697,2026-09-20,202604
blend_2stage,442,202606,1,8,4,1,1,3.0,1,0.306,0.0856,11.93,0.689,2026-09-20,202604
blend_2stage,11,202606,1,16,2,1,1,4.0,0,0.2979,0.1731,16.11,0.673,2026-09-20,202604
blend_2stage,1294,202606,1,9,4,1,1,2.0,0,0.3731,0.0424,11.45,0.657,2026-09-20,202604
blend_2stage,360,202606,1,12,3,1,1,5.0,0,0.6,0.0993,19.97,0.647,2026-09-20,202604
blend_2stage,928,202606,1,11,3,1,1,2.0,1,0.4319,0.0543,13.51,0.643,2026-09-20,202604
blend_2stage,2028,202606,1,5,4,1,1,3.0,0,0.431,0.0356,12.56,0.642,2026-09-20,202604
blend_2stage,1296,202606,1,17,2,1,1,3.0,1,0.3397,0.087,12.84,0.618,2026-09-20,202604
blend_2stage,99,202606,1,17,3,1,1,3.0,1,0.3521,0.0757,12.59,0.603,2026-09-20,202604
blend_2stage,1153,202606,1,5,2,1,1,3.0,0,0.3267,0.1403,15.18,0.6,2026-09-20,202604
blend_2stage,1157,202606,1,5,3,1,1,3.0,0,0.4377,0.0447,13.18,0.589,2026-09-20,202604
blend_2stage,2090,202606,1,11,3,1,1,2.0,1,0.3238,0.1075,13.47,0.587,2026-09-20,202604
blend_2stage,2116,202606,1,2,2,1,1,3.0,1,0.3458,0.0895,13.12,0.564,2026-09-20,202604
blend_2stage,2073,202606,1,30,3,1,1,3.0,1,0.3679,0.0609,12.24,0.552,2026-09-20,202604
blend_2stage,1234,202606,1,7,3,1,1,3.0,1,0.3116,0.0577,10.68,0.54,2026-09-20,202604
blend_2stage,677,202606,1,5,3,1,1,3.0,0,0.2914,0.0501,9.79,0.533,2026-09-20,202604
blend_2stage,769,202606,1,8,4,1,1,3.0,1,0.2734,0.045,9.09,0.512,2026-09-20,202604
blend_2stage,1946,202606,1,28,3,1,1,2.0,1,0.2766,0.0537,9.6,0.503,2026-09-20,202604
blend_2stage,1846,202606,1,8,2,1,1,3.0,1,0.2583,0.1336,13.14,0.494,2026-09-20,202604
blend_2stage,257,202606,1,9,3,1,1,2.0,0,0.3304,0.035,10.01,0.486,2026-09-20,202604
blend_2stage,2124,202606,1,16,3,1,1,4.0,0,0.3441,0.0456,10.88,0.486,2026-09-20,202604
blend_2stage,1864,202606,1,12,2,1,1,5.0,0,0.3304,0.1228,14.4,0.485,2026-09-20,202604
blend_2stage,1644,202606,1,23,2,1,1,4.0,0,0.3828,0.1114,15.14,0.483,2026-09-20,202604
blend_2stage,240,202606,1,20,3,1,1,3.0,0,0.3017,0.035,9.29,0.471,2026-09-20,202604
blend_2stage,2045,202606,1,29,3,1,1,2.0,1,0.3074,0.0472,10.05,0.453,2026-09-20,202604
blend_2stage,1515,202606,1,12,3,1,1,5.0,0,0.4829,0.0591,15.03,0.451,2026-09-20,202604
blend_2stage,1966,202606,1,28,2,1,1,2.0,1,0.1889,0.0865,9.05,0.45,2026-09-20,202604
blend_2stage,2140,202606,1,8,3,1,1,3.0,1,0.3033,0.023,8.73,0.442,2026-09-20,202604
blend_2stage,1146,202606,1,4,3,1,1,4.0,0,0.2798,0.0455,9.27,0.43,2026-09-20,202604
blend_2stage,1102,202606,1,23,2,1,1,4.0,0,0.2399,0.1023,11.11,0.427,2026-09-20,202604
blend_2stage,1707,202606,1,18,4,1,1,2.0,0,0.217,0.0355,7.2,0.425,2026-09-20,202604
blend_2stage,1930,202606,1,20,2,1,1,3.0,0,0.2602,0.0598,9.5,0.424,2026-09-20,202604
blend_2stage,375,202606,1,11,2,1,1,2.0,1,0.2378,0.0718,9.53,0.418,2026-09-20,202604
blend_2stage,1843,202606,1,8,3,1,1,3.0,1,0.2513,0.0434,8.45,0.409,2026-09-20,202604
blend_2stage,317,202606,1,30,2,1,1,3.0,1,0.2688,0.0842,10.93,0.405,2026-09-20,202604
blend_2stage,1425,202606,1,7,1,1,1,3.0,1,0.1436,0.0938,8.28,0.403,2026-09-20,202604
blend_2stage,361,202606,1,3,4,1,1,4.0,0,0.3106,0.0244,8.98,0.396,2026-09-20,202604
blend_2stage,1414,202606,1,23,4,1,1,4.0,0,0.2687,0.0467,9.06,0.396,2026-09-20,202604
blend_2stage,437,202606,1,8,3,1,1,3.0,1,0.2357,0.0502,8.41,0.392,2026-09-20,202604
blend_2stage,571,202606,1,5,4,1,1,3.0,0,0.2437,0.0489,8.54,0.388,2026-09-20,202604
blend_2stage,2082,202606,1,30,3,1,1,3.0,1,0.2685,0.0541,9.42,0.381,2026-09-20,202604
blend_2stage,2156,202606,1,29,3,1,1,2.0,1,0.2649,0.0131,7.28,0.379,2026-09-20,202604
blend_2stage,1243,202606,1,23,3,1,1,4.0,0,0.2736,0.0306,8.37,0.369,2026-09-20,202604
blend_2stage,846,202606,1,10,2,1,1,2.0,0,0.2011,0.0727,8.66,0.368,2026-09-20,202604
blend_2stage,1219,202606,1,23,3,1,1,4.0,0,0.2632,0.0474,8.95,0.366,2026-09-20,202604
blend_2stage,1954,202606,1,28,3,1,1,2.0,1,0.2061,0.0394,7.12,0.366,2026-09-20,202604
blend_2stage,2057,202606,1,8,2,1,1,3.0,1,0.2424,0.0512,8.62,0.357,2026-09-20,202604
blend_2stage,1006,202606,1,14,3,1,1,4.0,1,0.2728,0.0226,7.95,0.351,2026-09-20,202604
blend_2stage,2084,202606,1,30,3,1,1,3.0,1,0.29,0.0249,8.5,0.342,2026-09-20,202604
blend_2stage,1952,202606,1,28,3,1,1,2.0,1,0.2248,0.0274,6.99,0.342,2026-09-20,202604
blend_2stage,1282,202606,1,20,3,1,1,3.0,0,0.2451,0.0282,7.53,0.336,2026-09-20,202604
blend_2stage,273,202606,1,8,2,1,1,3.0,1,0.158,0.0778,7.84,0.322,2026-09-20,202604
blend_2stage,152,202606,1,17,2,1,1,3.0,1,0.1716,0.0614,7.36,0.32,2026-09-20,202604
blend_2stage,1902,202606,1,16,3,1,1,4.0,0,0.2552,0.0173,7.25,0.316,2026-09-20,202604
blend_2stage,1134,202606,1,16,3,1,1,4.0,0,0.2327,0.0188,6.76,0.314,2026-09-20,202604
blend_2stage,805,202606,1,12,2,1,1,5.0,0,0.2597,0.0794,10.46,0.312,2026-09-20,202604
blend_2stage,498,202606,1,18,2,1,1,2.0,0,0.1729,0.0455,6.6,0.309,2026-09-20,202604
blend_2stage,1942,202606,1,28,2,1,1,2.0,1,0.1718,0.0518,6.89,0.307,2026-09-20,202604
blend_2stage,1708,202606,1,1,2,1,1,2.0,1,0.1013,0.0502,5.04,0.304,2026-09-20,202604
blend_2stage,1887,202606,1,14,3,1,1,4.0,1,0.2271,0.0218,6.77,0.301,2026-09-20,202604
blend_2stage,2018,202606,1,2,3,1,1,3.0,1,0.1883,0.0332,6.37,0.297,2026-09-20,202604
blend_2stage,2030,202606,1,7,3,1,1,3.0,1,0.1872,0.0238,5.87,0.296,2026-09-20,202604
blend_2stage,1764,202606,1,2,1,1,1,3.0,1,0.1045,0.0796,6.59,0.293,2026-09-20,202604
blend_2stage,981,202606,1,2,3,1,1,3.0,1,0.1854,0.0358,6.42,0.289,2026-09-20,202604
blend_2stage,1441,202606,1,28,3,1,1,2.0,1,0.1617,0.025,5.3,0.286,2026-09-20,202604
blend_2stage,1416,202606,1,4,2,1,1,4.0,0,0.2298,0.0469,8.09,0.286,2026-09-20,202604
blend_2stage,2094,202606,1,11,4,1,1,2.0,1,0.1846,0.0194,5.59,0.279,2026-09-20,202604
blend_2stage,1649,202606,1,7,2,1,1,3.0,1,0.1024,0.0586,5.49,0.275,2026-09-20,202604
blend_2stage,1417,202606,1,16,2,1,1,4.0,0,0.157,0.0427,6.06,0.266,2026-09-20,202604
blend_2stage,1924,202606,1,20,4,1,1,3.0,0,0.1616,0.0107,4.57,0.258,2026-09-20,202604
blend_2stage,1203,202606,1,9,2,1,1,2.0,0,0.0923,0.0498,4.8,0.233,2026-09-20,202604
blend_2stage,1036,202606,1,2,2,1,1,3.0,1,0.0867,0.0603,5.18,0.23,2026-09-20,202604
blend_2stage,1321,202606,1,2,4,1,1,3.0,1,0.0956,0.0248,3.63,0.225,2026-09-20,202604
blend_2stage,2071,202606,1,30,2,1,1,3.0,1,0.1601,0.0448,6.25,0.224,2026-09-20,202604
blend_2stage,2027,202606,1,5,3,1,1,3.0,0,0.1807,0.021,5.57,0.215,2026-09-20,202604
blend_2stage,346,202606,1,18,2,1,1,2.0,0,0.089,0.044,4.43,0.209,2026-09-20,202604
blend_2stage,1909,202606,1,17,3,1,1,3.0,1,0.1248,0.0136,3.8,0.191,2026-09-20,202604
blend_2stage,334,202606,1,23,2,1,1,4.0,0,0.0961,0.055,5.15,0.186,2026-09-20,202604
blend_2stage,421,202606,1,23,2,1,1,4.0,0,0.097,0.0566,5.26,0.18,2026-09-20,202604
blend_2stage,2129,202606,1,16,2,1,1,4.0,0,0.1578,0.0209,4.99,0.174,2026-09-20,202604
blend_2stage,192,202606,1,7,2,1,1,3.0,1,0.0724,0.0384,3.73,0.167,2026-09-20,202604
blend_2stage,551,202606,1,1,4,1,1,2.0,1,0.0852,0.0101,2.63,0.166,2026-09-20,202604
blend_2stage,1805,202606,1,3,3,1,1,4.0,0,0.131,0.0182,4.18,0.165,2026-09-20,202604
blend_2stage,2029,202606,1,7,2,1,1,3.0,1,0.0748,0.0316,3.45,0.163,2026-09-20,202604
blend_2stage,1275,202606,1,18,1,1,1,2.0,0,0.0496,0.0392,3.2,0.16,2026-09-20,202604
blend_2stage,552,202606,1,1,3,1,1,2.0,1,0.0801,0.0126,2.63,0.156,2026-09-20,202604
blend_2stage,1160,202606,1,30,2,1,1,3.0,1,0.1271,0.0193,4.14,0.156,2026-09-20,202604
blend_2stage,1519,202606,1,4,2,1,1,4.0,0,0.0906,0.0345,3.99,0.155,2026-09-20,202604
blend_2stage,510,202606,1,20,2,1,1,3.0,0,0.0832,0.028,3.48,0.15,2026-09-20,202604
blend_2stage,817,202606,1,18,3,1,1,2.0,0,0.0893,0.014,2.93,0.147,2026-09-20,202604
blend_2stage,2126,202606,1,2,3,1,1,3.0,1,0.0995,0.0066,2.82,0.146,2026-09-20,202604
blend_2stage,1926,202606,1,20,2,1,1,3.0,0,0.078,0.0273,3.31,0.142,2026-09-20,202604
blend_2stage,2121,202606,1,28,2,1,1,2.0,1,0.0561,0.0308,2.94,0.14,2026-09-20,202604
blend_2stage,2135,202606,1,2,2,1,1,3.0,1,0.0717,0.0285,3.21,0.14,2026-09-20,202604
blend_2stage,519,202606,1,7,1,1,1,3.0,1,0.0442,0.0381,3.01,0.14,2026-09-20,202604
blend_2stage,1681,202606,1,16,2,1,1,4.0,0,0.113,0.0158,3.61,0.138,2026-09-20,202604
blend_2stage,1327,202606,1,20,3,1,1,3.0,0,0.0873,0.0116,2.76,0.138,2026-09-20,202604
blend_2stage,84,202606,1,2,3,1,1,3.0,1,0.0906,0.0152,3.03,0.136,2026-09-20,202604
blend_2stage,840,202606,1,7,3,1,1,3.0,1,0.0864,0.0141,2.86,0.133,2026-09-20,202604
blend_2stage,2154,202606,1,5,3,1,1,3.0,0,0.0971,0.0063,2.74,0.128,2026-09-20,202604
blend_2stage,1928,202606,1,20,3,1,1,3.0,0,0.0832,0.0087,2.52,0.125,2026-09-20,202604
blend_2stage,1830,202606,1,7,3,1,1,3.0,1,0.0742,0.0112,2.41,0.125,2026-09-20,202604
blend_2stage,1725,202606,1,5,3,1,1,3.0,0,0.085,0.0105,2.65,0.125,2026-09-20,202604
blend_2stage,1981,202606,1,23,3,1,1,4.0,0,0.0825,0.0173,2.93,0.125,2026-09-20,202604
blend_2stage,1656,202606,1,9,3,1,1,2.0,0,0.0819,0.0079,2.44,0.124,2026-09-20,202604
blend_2stage,1226,202606,1,5,3,1,1,3.0,0,0.0861,0.0108,2.69,0.123,2026-09-20,202604
blend_2stage,585,202606,1,23,1,1,1,4.0,0,0.0484,0.0439,3.41,0.121,2026-09-20,202604
blend_2stage,995,202606,1,2,3,1,1,3.0,1,0.0803,0.0097,2.49,0.119,2026-09-20,202604
blend_2stage,2158,202606,1,18,3,1,1,2.0,0,0.0841,0.0107,2.64,0.117,2026-09-20,202604
blend_2stage,1716,202606,1,23,3,1,1,4.0,0,0.0793,0.0128,2.62,0.112,2026-09-20,202604
blend_2stage,2134,202606,1,16,3,1,1,4.0,0,0.0798,0.0053,2.26,0.11,2026-09-20,202604
blend_2stage,2052,202606,1,29,4,1,1,2.0,1,0.0672,0.0063,2.0,0.106,2026-09-20,202604
blend_2stage,1347,202606,1,23,3,1,1,4.0,0,0.0785,0.013,2.61,0.103,2026-09-20,202604
blend_2stage,1925,202606,1,20,1,1,1,3.0,0,0.0407,0.0245,2.24,0.101,2026-09-20,202604
blend_2stage,1088,202606,1,7,4,1,1,3.0,1,0.0625,0.0053,1.83,0.1,2026-09-20,202604
blend_2stage,1259,202606,1,9,2,1,1,2.0,0,0.0561,0.0146,2.13,0.098,2026-09-20,202604
blend_2stage,306,202606,1,11,1,1,1,2.0,1,0.0289,0.0261,2.03,0.097,2026-09-20,202604
blend_2stage,2096,202606,1,11,1,1,1,2.0,1,0.0284,0.0255,1.99,0.095,2026-09-20,202604
blend_2stage,2026,202606,1,5,2,1,1,3.0,0,0.0578,0.0193,2.41,0.095,2026-09-20,202604
blend_2stage,2019,202606,1,2,4,1,1,3.0,1,0.0614,0.0057,1.82,0.093,2026-09-20,202604
blend_2stage,2106,202606,1,18,1,1,1,2.0,0,0.0266,0.0236,1.84,0.091,2026-09-20,202604
blend_2stage,2123,202606,1,5,2,1,1,3.0,0,0.0586,0.0188,2.41,0.09,2026-09-20,202604
blend_2stage,2142,202606,1,10,3,1,1,2.0,0,0.0624,0.0069,1.91,0.09,2026-09-20,202604
blend_2stage,2034,202606,1,29,1,1,1,2.0,1,0.0278,0.0253,1.96,0.09,2026-09-20,202604
blend_2stage,1399,202606,1,1,3,1,1,2.0,1,0.0484,0.0047,1.44,0.088,2026-09-20,202604
blend_2stage,2144,202606,1,30,4,1,1,3.0,1,0.0647,0.0067,1.96,0.087,2026-09-20,202604
blend_2stage,2054,202606,1,29,4,1,1,2.0,1,0.055,0.0063,1.69,0.086,2026-09-20,202604
blend_2stage,73,202606,1,11,4,1,1,2.0,1,0.0542,0.0059,1.65,0.085,2026-09-20,202604
blend_2stage,568,202606,1,11,4,1,1,2.0,1,0.0542,0.0059,1.65,0.085,2026-09-20,202604
blend_2stage,1469,202606,1,20,3,1,1,3.0,0,0.058,0.0086,1.88,0.085,2026-09-20,202604
blend_2stage,487,202606,1,1,3,1,1,2.0,1,0.0473,0.0047,1.42,0.083,2026-09-20,202604
blend_2stage,1760,202606,1,1,3,1,1,2.0,1,0.0473,0.0047,1.42,0.083,2026-09-20,202604
blend_2stage,82,202606,1,17,3,1,1,3.0,1,0.0479,0.0072,1.56,0.082,2026-09-20,202604
blend_2stage,2157,202606,1,5,3,1,1,3.0,0,0.0796,0.0087,2.42,0.081,2026-09-20,202604
blend_2stage,2148,202606,1,30,3,1,1,3.0,1,0.0633,0.0072,1.94,0.08,2026-09-20,202604
blend_2stage,1485,202606,1,11,3,1,1,2.0,1,0.0532,0.0063,1.65,0.078,2026-09-20,202604
blend_2stage,1688,202606,1,11,3,1,1,2.0,1,0.0532,0.0063,1.65,0.078,2026-09-20,202604
blend_2stage,2047,202606,1,29,3,1,1,2.0,1,0.054,0.0068,1.69,0.078,2026-09-20,202604
blend_2stage,668,202606,1,30,1,1,1,3.0,1,0.0275,0.0229,1.84,0.077,2026-09-20,202604
blend_2stage,290,202606,1,11,3,1,1,2.0,1,0.0532,0.0063,1.65,0.077,2026-09-20,202604
blend_2stage,2091,202606,1,11,3,1,1,2.0,1,0.0532,0.0063,1.65,0.077,2026-09-20,202604
blend_2stage,2095,202606,1,11,3,1,1,2.0,1,0.0532,0.0063,1.65,0.077,2026-09-20,202604
blend_2stage,2031,202606,1,7,4,1,1,3.0,1,0.0478,0.006,1.49,0.076,2026-09-20,202604
blend_2stage,1888,202606,1,14,4,1,1,4.0,1,0.0401,0.0051,1.26,0.076,2026-09-20,202604
blend_2stage,1172,202606,1,17,2,1,1,3.0,1,0.0412,0.0108,1.57,0.074,2026-09-20,202604
blend_2stage,1828,202606,1,7,2,1,1,3.0,1,0.0338,0.0153,1.61,0.074,2026-09-20,202604
blend_2stage,659,202606,1,8,3,1,1,3.0,1,0.0391,0.0084,1.4,0.074,2026-09-20,202604
blend_2stage,258,202606,1,17,3,1,1,3.0,1,0.0482,0.0066,1.54,0.073,2026-09-20,202604
blend_2stage,87,202606,1,5,3,1,1,3.0,0,0.0591,0.0047,1.71,0.072,2026-09-20,202604
blend_2stage,924,202606,1,17,1,1,1,3.0,1,0.0276,0.0145,1.41,0.071,2026-09-20,202604
blend_2stage,1118,202606,1,23,1,1,1,4.0,0,0.0295,0.0248,1.98,0.07,2026-09-20,202604
blend_2stage,1824,202606,1,5,4,1,1,3.0,0,0.0457,0.0038,1.33,0.068,2026-09-20,202604
blend_2stage,2153,202606,1,28,4,1,1,2.0,1,0.0425,0.0059,1.36,0.067,2026-09-20,202604
blend_2stage,942,202606,1,1,1,1,1,2.0,1,0.0231,0.0117,1.16,0.067,2026-09-20,202604
blend_2stage,2122,202606,1,3,1,1,1,4.0,0,0.0291,0.0223,1.84,0.066,2026-09-20,202604
blend_2stage,15,202606,1,30,3,1,1,3.0,1,0.0506,0.0056,1.55,0.066,2026-09-20,202604
blend_2stage,2080,202606,1,30,3,1,1,3.0,1,0.0506,0.0056,1.55,0.066,2026-09-20,202604
blend_2stage,1901,202606,1,29,2,1,1,2.0,1,0.0415,0.0101,1.54,0.065,2026-09-20,202604
blend_2stage,1796,202606,1,3,3,1,1,4.0,0,0.0377,0.0066,1.27,0.065,2026-09-20,202604
blend_2stage,906,202606,1,16,3,1,1,4.0,0,0.0371,0.0051,1.18,0.065,2026-09-20,202604
blend_2stage,2077,202606,1,30,3,1,1,3.0,1,0.0506,0.0056,1.55,0.064,2026-09-20,202604
blend_2stage,1798,202606,1,3,2,1,1,4.0,0,0.045,0.0121,1.73,0.062,2026-09-20,202604
blend_2stage,2055,202606,1,29,4,1,1,2.0,1,0.0365,0.0063,1.23,0.06,2026-09-20,202604
blend_2stage,1844,202606,1,8,2,1,1,3.0,1,0.0277,0.0127,1.33,0.059,2026-09-20,202604
blend_2stage,303,202606,1,9,3,1,1,2.0,0,0.0407,0.0045,1.24,0.059,2026-09-20,202604
blend_2stage,1905,202606,1,17,1,1,1,3.0,1,0.0239,0.0118,1.19,0.059,2026-09-20,202604
blend_2stage,1127,202606,1,17,3,1,1,3.0,1,0.0343,0.0046,1.09,0.058,2026-09-20,202604
blend_2stage,1430,202606,1,16,3,1,1,4.0,0,0.0377,0.0058,1.23,0.057,2026-09-20,202604
blend_2stage,1392,202606,1,16,2,1,1,4.0,0,0.0376,0.0086,1.37,0.057,2026-09-20,202604
blend_2stage,1841,202606,1,8,2,1,1,3.0,1,0.0259,0.0127,1.29,0.057,2026-09-20,202604
blend_2stage,1085,202606,1,17,3,1,1,3.0,1,0.036,0.0053,1.16,0.057,2026-09-20,202604
blend_2stage,337,202606,1,14,3,1,1,4.0,1,0.0385,0.0056,1.24,0.057,2026-09-20,202604
blend_2stage,903,202606,1,8,3,1,1,3.0,1,0.0375,0.0052,1.2,0.056,2026-09-20,202604
blend_2stage,1897,202606,1,16,3,1,1,4.0,0,0.0378,0.0049,1.19,0.056,2026-09-20,202604
blend_2stage,2049,202606,1,29,3,1,1,2.0,1,0.0355,0.0068,1.23,0.056,2026-09-20,202604
blend_2stage,2050,202606,1,29,3,1,1,2.0,1,0.0355,0.0068,1.23,0.056,2026-09-20,202604
blend_2stage,2051,202606,1,29,3,1,1,2.0,1,0.0355,0.0068,1.23,0.056,2026-09-20,202604
blend_2stage,1626,202606,1,10,3,1,1,2.0,0,0.0361,0.0049,1.15,0.055,2026-09-20,202604
blend_2stage,2125,202606,1,28,3,1,1,2.0,1,0.0346,0.0064,1.18,0.055,2026-09-20,202604
blend_2stage,1537,202606,1,28,3,1,1,2.0,1,0.0374,0.0041,1.14,0.055,2026-09-20,202604
blend_2stage,252,202606,1,11,3,1,1,2.0,1,0.0352,0.0063,1.2,0.055,2026-09-20,202604
blend_2stage,685,202606,1,11,3,1,1,2.0,1,0.0352,0.0063,1.2,0.055,2026-09-20,202604
blend_2stage,548,202606,1,1,3,1,1,2.0,1,0.0278,0.0039,0.89,0.054,2026-09-20,202604
blend_2stage,2131,202606,1,10,3,1,1,2.0,0,0.0348,0.007,1.22,0.054,2026-09-20,202604
blend_2stage,1818,202606,1,5,2,1,1,3.0,0,0.0356,0.0102,1.4,0.054,2026-09-20,202604
blend_2stage,393,202606,1,23,3,1,1,4.0,0,0.0315,0.0083,1.2,0.054,2026-09-20,202604
blend_2stage,323,202606,1,14,2,1,1,4.0,1,0.0363,0.0086,1.34,0.054,2026-09-20,202604
blend_2stage,1,202606,1,7,2,1,1,3.0,1,0.0231,0.0116,1.16,0.053,2026-09-20,202604
blend_2stage,1973,202606,1,28,1,1,1,2.0,1,0.0211,0.0112,1.09,0.052,2026-09-20,202604
blend_2stage,798,202606,1,14,2,1,1,4.0,1,0.035,0.0084,1.3,0.052,2026-09-20,202604
blend_2stage,2150,202606,1,12,3,1,1,5.0,0,0.0532,0.0049,1.58,0.052,2026-09-20,202604
blend_2stage,642,202606,1,5,2,1,1,3.0,0,0.0336,0.0098,1.33,0.051,2026-09-20,202604
blend_2stage,589,202606,1,4,3,1,1,4.0,0,0.0464,0.0067,1.5,0.05,2026-09-20,202604
blend_2stage,1802,202606,1,3,2,1,1,4.0,0,0.0351,0.0098,1.36,0.05,2026-09-20,202604
blend_2stage,1945,202606,1,28,2,1,1,2.0,1,0.023,0.0096,1.06,0.05,2026-09-20,202604
blend_2stage,2089,202606,1,11,2,1,1,2.0,1,0.0257,0.0095,1.12,0.049,2026-09-20,202604
blend_2stage,2120,202606,1,2,3,1,1,3.0,1,0.0322,0.0062,1.12,0.049,2026-09-20,202604
blend_2stage,2022,202606,1,3,2,1,1,4.0,0,0.0326,0.012,1.41,0.049,2026-09-20,202604
blend_2stage,503,202606,1,5,3,1,1,3.0,0,0.0365,0.0041,1.12,0.048,2026-09-20,202604
blend_2stage,1058,202606,1,29,2,1,1,2.0,1,0.0264,0.0094,1.13,0.048,2026-09-20,202604
blend_2stage,2035,202606,1,29,2,1,1,2.0,1,0.0264,0.0094,1.13,0.048,2026-09-20,202604
blend_2stage,2038,202606,1,29,2,1,1,2.0,1,0.0264,0.0094,1.13,0.048,2026-09-20,202604
blend_2stage,2039,202606,1,29,2,1,1,2.0,1,0.0264,0.0094,1.13,0.048,2026-09-20,202604
blend_2stage,2040,202606,1,29,2,1,1,2.0,1,0.0264,0.0094,1.13,0.048,2026-09-20,202604
blend_2stage,2041,202606,1,29,2,1,1,2.0,1,0.0264,0.0094,1.13,0.048,2026-09-20,202604
blend_2stage,1517,202606,1,18,4,1,1,2.0,0,0.0243,0.0043,0.82,0.048,2026-09-20,202604
blend_2stage,173,202606,1,11,2,1,1,2.0,1,0.0257,0.0089,1.09,0.048,2026-09-20,202604
blend_2stage,1883,202606,1,14,1,1,1,4.0,1,0.0248,0.0099,1.11,0.046,2026-09-20,202604
blend_2stage,2155,202606,1,16,3,1,1,4.0,0,0.0382,0.0051,1.21,0.046,2026-09-20,202604
blend_2stage,1124,202606,1,30,4,1,1,3.0,1,0.0338,0.0052,1.1,0.046,2026-09-20,202604
blend_2stage,2081,202606,1,30,4,1,1,3.0,1,0.0338,0.0052,1.1,0.046,2026-09-20,202604
blend_2stage,549,202606,1,4,3,1,1,4.0,0,0.0341,0.0042,1.06,0.046,2026-09-20,202604
blend_2stage,1800,202606,1,3,3,1,1,4.0,0,0.0356,0.0051,1.15,0.045,2026-09-20,202604
blend_2stage,968,202606,1,2,2,1,1,3.0,1,0.0247,0.0088,1.06,0.045,2026-09-20,202604
blend_2stage,506,202606,1,14,3,1,1,4.0,1,0.0309,0.0032,0.93,0.045,2026-09-20,202604
blend_2stage,1827,202606,1,7,1,1,1,3.0,1,0.0147,0.0117,0.95,0.045,2026-09-20,202604
blend_2stage,1865,202606,1,12,2,1,1,5.0,0,0.0356,0.0103,1.4,0.044,2026-09-20,202604
blend_2stage,1115,202606,1,9,1,1,1,2.0,0,0.0162,0.0095,0.88,0.043,2026-09-20,202604
blend_2stage,1876,202606,1,12,1,1,1,5.0,0,0.0299,0.0131,1.4,0.043,2026-09-20,202604
blend_2stage,471,202606,1,3,4,1,1,4.0,0,0.0294,0.0036,0.91,0.043,2026-09-20,202604
blend_2stage,646,202606,1,1,1,1,1,2.0,1,0.014,0.0076,0.73,0.042,2026-09-20,202604
blend_2stage,954,202606,1,30,3,1,1,3.0,1,0.0328,0.0056,1.1,0.042,2026-09-20,202604
blend_2stage,2076,202606,1,30,3,1,1,3.0,1,0.0328,0.0056,1.1,0.042,2026-09-20,202604
blend_2stage,2078,202606,1,30,3,1,1,3.0,1,0.0328,0.0056,1.1,0.042,2026-09-20,202604
blend_2stage,1738,202606,1,20,2,1,1,3.0,0,0.0231,0.008,0.98,0.042,2026-09-20,202604
blend_2stage,2112,202606,1,20,2,1,1,3.0,0,0.0257,0.0075,1.02,0.042,2026-09-20,202604
blend_2stage,1632,202606,1,9,1,1,1,2.0,0,0.0148,0.0093,0.84,0.041,2026-09-20,202604
blend_2stage,138,202606,1,28,2,1,1,2.0,1,0.0202,0.0074,0.88,0.041,2026-09-20,202604
blend_2stage,2130,202606,1,29,1,1,1,2.0,1,0.0165,0.0093,0.88,0.041,2026-09-20,202604
blend_2stage,1495,202606,1,2,3,1,1,3.0,1,0.0258,0.0042,0.86,0.041,2026-09-20,202604
blend_2stage,1112,202606,1,18,1,1,1,2.0,0,0.0166,0.0083,0.83,0.04,2026-09-20,202604
blend_2stage,1856,202606,1,9,3,1,1,2.0,0,0.0257,0.0046,0.87,0.04,2026-09-20,202604
blend_2stage,797,202606,1,30,3,1,1,3.0,1,0.0282,0.0044,0.93,0.04,2026-09-20,202604
blend_2stage,492,202606,1,5,4,1,1,3.0,0,0.0261,0.0035,0.83,0.04,2026-09-20,202604
blend_2stage,1534,202606,1,7,4,1,1,3.0,1,0.0207,0.0042,0.73,0.04,2026-09-20,202604
blend_2stage,107,202606,1,2,2,1,1,3.0,1,0.022,0.007,0.9,0.04,2026-09-20,202604
blend_2stage,1029,202606,1,10,2,1,1,2.0,0,0.0207,0.0083,0.93,0.039,2026-09-20,202604
blend_2stage,1868,202606,1,12,3,1,1,5.0,0,0.0376,0.0049,1.18,0.039,2026-09-20,202604
blend_2stage,143,202606,1,23,2,1,1,4.0,0,0.0267,0.0087,1.1,0.039,2026-09-20,202604
blend_2stage,1872,202606,1,12,4,1,1,5.0,0,0.0314,0.0029,0.93,0.039,2026-09-20,202604
blend_2stage,2105,202606,1,16,1,1,1,4.0,0,0.0174,0.0097,0.92,0.039,2026-09-20,202604
blend_2stage,55,202606,1,11,1,1,1,2.0,1,0.0145,0.009,0.81,0.038,2026-09-20,202604
blend_2stage,379,202606,1,11,1,1,1,2.0,1,0.0145,0.009,0.81,0.038,2026-09-20,202604
blend_2stage,1847,202606,1,8,4,1,1,3.0,1,0.0217,0.0035,0.72,0.038,2026-09-20,202604
blend_2stage,2033,202606,1,29,1,1,1,2.0,1,0.0139,0.0095,0.82,0.038,2026-09-20,202604
blend_2stage,632,202606,1,4,1,1,1,4.0,0,0.0202,0.0091,0.96,0.038,2026-09-20,202604
blend_2stage,1822,202606,1,5,3,1,1,3.0,0,0.0281,0.0038,0.89,0.038,2026-09-20,202604
blend_2stage,2069,202606,1,30,2,1,1,3.0,1,0.0255,0.008,1.03,0.037,2026-09-20,202604
blend_2stage,2070,202606,1,30,2,1,1,3.0,1,0.0255,0.008,1.03,0.037,2026-09-20,202604
blend_2stage,1180,202606,1,16,2,1,1,4.0,0,0.0226,0.0071,0.92,0.037,2026-09-20,202604
blend_2stage,1697,202606,1,12,3,1,1,5.0,0,0.0351,0.0033,1.04,0.037,2026-09-20,202604
blend_2stage,2066,202606,1,30,2,1,1,3.0,1,0.0255,0.008,1.03,0.037,2026-09-20,202604
blend_2stage,1831,202606,1,7,3,1,1,3.0,1,0.0213,0.0045,0.76,0.036,2026-09-20,202604
blend_2stage,672,202606,1,17,3,1,1,3.0,1,0.0223,0.0032,0.72,0.036,2026-09-20,202604
blend_2stage,675,202606,1,12,3,1,1,5.0,0,0.0316,0.0031,0.94,0.036,2026-09-20,202604
blend_2stage,1808,202606,1,4,3,1,1,4.0,0,0.0264,0.0038,0.85,0.035,2026-09-20,202604
blend_2stage,961,202606,1,4,2,1,1,4.0,0,0.0244,0.007,0.96,0.035,2026-09-20,202604
blend_2stage,607,202606,1,5,3,1,1,3.0,0,0.0273,0.004,0.88,0.035,2026-09-20,202604
blend_2stage,1987,202606,1,23,2,1,1,4.0,0,0.0241,0.0083,1.02,0.035,2026-09-20,202604
blend_2stage,166,202606,1,23,2,1,1,4.0,0,0.0241,0.0083,1.02,0.035,2026-09-20,202604
blend_2stage,1559,202606,1,20,1,1,1,3.0,0,0.0149,0.0079,0.77,0.035,2026-09-20,202604
blend_2stage,53,202606,1,18,2,1,1,2.0,0,0.0193,0.0056,0.76,0.034,2026-09-20,202604
blend_2stage,1769,202606,1,2,3,1,1,3.0,1,0.0208,0.0046,0.75,0.034,2026-09-20,202604
blend_2stage,602,202606,1,10,3,1,1,2.0,0,0.0219,0.0036,0.73,0.034,2026-09-20,202604
blend_2stage,863,202606,1,4,3,1,1,4.0,0,0.0246,0.0038,0.8,0.032,2026-09-20,202604
blend_2stage,779,202606,1,16,3,1,1,4.0,0,0.0247,0.0036,0.8,0.032,2026-09-20,202604
blend_2stage,1917,202606,1,18,2,1,1,2.0,0,0.0183,0.0051,0.71,0.032,2026-09-20,202604
blend_2stage,544,202606,1,14,1,1,1,4.0,1,0.0155,0.0071,0.74,0.032,2026-09-20,202604
blend_2stage,349,202606,1,23,4,1,1,4.0,0,0.0223,0.0043,0.77,0.032,2026-09-20,202604
blend_2stage,618,202606,1,14,3,1,1,4.0,1,0.0205,0.0029,0.66,0.031,2026-09-20,202604
blend_2stage,1811,202606,1,4,4,1,1,4.0,0,0.0214,0.0035,0.71,0.031,2026-09-20,202604
blend_2stage,2063,202606,1,30,1,1,1,3.0,1,0.0143,0.0081,0.76,0.031,2026-09-20,202604
blend_2stage,2064,202606,1,30,1,1,1,3.0,1,0.0143,0.0081,0.76,0.031,2026-09-20,202604
blend_2stage,2065,202606,1,30,1,1,1,3.0,1,0.0143,0.0081,0.76,0.031,2026-09-20,202604
blend_2stage,1972,202606,1,28,3,1,1,2.0,1,0.0167,0.0033,0.58,0.029,2026-09-20,202604
blend_2stage,1860,202606,1,10,4,1,1,2.0,0,0.016,0.0032,0.56,0.029,2026-09-20,202604
blend_2stage,1854,202606,1,9,2,1,1,2.0,0,0.0166,0.0045,0.64,0.029,2026-09-20,202604
blend_2stage,470,202606,1,14,3,1,1,4.0,1,0.0206,0.0029,0.66,0.029,2026-09-20,202604
blend_2stage,374,202606,1,30,3,1,1,3.0,1,0.0206,0.0044,0.73,0.029,2026-09-20,202604
blend_2stage,242,202606,1,23,3,1,1,4.0,0,0.0226,0.0045,0.79,0.029,2026-09-20,202604
blend_2stage,1768,202606,1,2,2,1,1,3.0,1,0.016,0.0049,0.65,0.028,2026-09-20,202604
blend_2stage,1325,202606,1,20,2,1,1,3.0,0,0.0168,0.0049,0.67,0.028,2026-09-20,202604
blend_2stage,1437,202606,1,8,3,1,1,3.0,1,0.0161,0.0034,0.57,0.027,2026-09-20,202604
blend_2stage,1826,202606,1,5,3,1,1,3.0,0,0.0208,0.0037,0.7,0.027,2026-09-20,202604
blend_2stage,289,202606,1,17,4,1,1,3.0,1,0.0136,0.0028,0.48,0.027,2026-09-20,202604
blend_2stage,1911,202606,1,17,3,1,1,3.0,1,0.0151,0.0031,0.53,0.027,2026-09-20,202604
blend_2stage,1910,202606,1,17,3,1,1,3.0,1,0.0151,0.0031,0.53,0.027,2026-09-20,202604
blend_2stage,617,202606,1,14,1,1,1,4.0,1,0.0123,0.0061,0.61,0.026,2026-09-20,202604
blend_2stage,1684,202606,1,14,1,1,1,4.0,1,0.0123,0.0061,0.61,0.026,2026-09-20,202604
blend_2stage,2100,202606,1,14,1,1,1,4.0,1,0.0123,0.0061,0.61,0.026,2026-09-20,202604
blend_2stage,1986,202606,1,23,3,1,1,4.0,0,0.0203,0.0042,0.72,0.026,2026-09-20,202604
blend_2stage,1623,202606,1,17,3,1,1,3.0,1,0.0137,0.003,0.49,0.025,2026-09-20,202604
blend_2stage,1657,202606,1,17,2,1,1,3.0,1,0.0126,0.004,0.52,0.025,2026-09-20,202604
blend_2stage,603,202606,1,17,2,1,1,3.0,1,0.0121,0.004,0.5,0.024,2026-09-20,202604
blend_2stage,1983,202606,1,23,2,1,1,4.0,0,0.0179,0.0052,0.71,0.024,2026-09-20,202604
blend_2stage,1984,202606,1,23,2,1,1,4.0,0,0.0179,0.0052,0.71,0.024,2026-09-20,202604
blend_2stage,994,202606,1,28,2,1,1,2.0,1,0.0118,0.0044,0.51,0.024,2026-09-20,202604
blend_2stage,1848,202606,1,8,3,1,1,3.0,1,0.0131,0.0036,0.5,0.023,2026-09-20,202604
blend_2stage,285,202606,1,8,3,1,1,3.0,1,0.013,0.0034,0.49,0.023,2026-09-20,202604
blend_2stage,784,202606,1,8,3,1,1,3.0,1,0.013,0.0034,0.49,0.023,2026-09-20,202604
blend_2stage,1141,202606,1,8,3,1,1,3.0,1,0.013,0.0034,0.49,0.023,2026-09-20,202604
blend_2stage,2132,202606,1,12,1,1,1,5.0,0,0.0179,0.0078,0.84,0.023,2026-09-20,202604
blend_2stage,1934,202606,1,28,1,1,1,2.0,1,0.0077,0.0045,0.42,0.02,2026-09-20,202604
blend_2stage,1631,202606,1,17,1,1,1,3.0,1,0.008,0.0041,0.4,0.02,2026-09-20,202604
blend_2stage,897,202606,1,3,2,1,1,4.0,0,0.0128,0.0052,0.58,0.019,2026-09-20,202604
blend_2stage,896,202606,1,3,2,1,1,4.0,0,0.0138,0.0047,0.58,0.019,2026-09-20,202604
blend_2stage,1401,202606,1,8,1,1,1,3.0,1,0.0083,0.0042,0.42,0.019,2026-09-20,202604
blend_2stage,216,202606,1,23,1,1,1,4.0,0,0.01,0.0053,0.51,0.019,2026-09-20,202604
blend_2stage,1857,202606,1,10,1,1,1,2.0,0,0.0077,0.0044,0.41,0.019,2026-09-20,202604
blend_2stage,1862,202606,1,10,1,1,1,2.0,0,0.0077,0.0044,0.41,0.019,2026-09-20,202604
blend_2stage,761,202606,1,14,4,1,1,4.0,1,0.0113,0.0025,0.41,0.019,2026-09-20,202604
blend_2stage,1900,202606,1,16,3,1,1,4.0,0,0.0136,0.0025,0.47,0.018,2026-09-20,202604
blend_2stage,753,202606,1,5,1,1,1,3.0,0,0.01,0.0043,0.46,0.018,2026-09-20,202604
blend_2stage,1551,202606,1,14,3,1,1,4.0,1,0.0113,0.0027,0.42,0.018,2026-09-20,202604
blend_2stage,1103,202606,1,16,1,1,1,4.0,0,0.0076,0.0043,0.41,0.017,2026-09-20,202604
blend_2stage,918,202606,1,16,3,1,1,4.0,0,0.0114,0.0025,0.41,0.017,2026-09-20,202604
blend_2stage,727,202606,1,14,3,1,1,4.0,1,0.0109,0.0027,0.41,0.016,2026-09-20,202604
blend_2stage,248,202606,1,14,2,1,1,4.0,1,0.0099,0.0035,0.42,0.016,2026-09-20,202604
blend_2stage,1890,202606,1,14,2,1,1,4.0,1,0.0099,0.0035,0.42,0.016,2026-09-20,202604
blend_2stage,1892,202606,1,14,2,1,1,4.0,1,0.0099,0.0035,0.42,0.016,2026-09-20,202604
blend_2stage,313,202606,1,16,3,1,1,4.0,0,0.0114,0.0025,0.41,0.016,2026-09-20,202604
blend_2stage,1863,202606,1,12,1,1,1,5.0,0,0.011,0.0046,0.51,0.015,2026-09-20,202604
blend_2stage,540,202606,1,3,1,1,1,4.0,0,0.0074,0.0041,0.39,0.014,2026-09-20,202604
blend_2stage,1700,202606,1,3,1,1,1,4.0,0,0.0074,0.0041,0.39,0.014,2026-09-20,202604
blend_2stage,1873,202606,1,12,4,1,1,5.0,0,0.0133,0.0026,0.46,0.014,2026-09-20,202604
blend_2stage,1882,202606,1,12,3,1,1,5.0,0,0.0128,0.0028,0.46,0.012,2026-09-20,202604
blend_2stage,1880,202606,1,12,2,1,1,5.0,0,0.0119,0.0036,0.48,0.012,2026-09-20,202604
